Index,Id,Status,Sex,Age,Deme,fgene0,fgene1,fgene2,mgene0,mgene1,mgene2,phen0,phen1,phen2
0,11,1,1,5,0,0.0718214,-0.0391732,0.0525144,0.00365706,0.0482511,-0.167751,10,0.5,0.37647
1,12,1,0,5,0,-0.0679983,0.140383,0.204806,-0.19167,-0.0625026,-0.030454,10,0.5,0.632969
2,112,1,0,5,0,0.0918836,0.00935752,-0.185606,0.0574139,0.00551634,-0.129777,10,0.5,0.199193
3,182,1,0,5,0,0.0816999,0.0289936,-0.0787145,0.0914493,-0.0340899,-0.0424282,10,0.5,0.371239
4,206,1,1,5,0,-0.149306,0.0919992,-0.199015,0.136108,-0.0138001,0.0599241,10,0.5,0.355342
5,210,1,1,5,0,-0.000311832,-0.0470417,-0.0717985,0.0718214,-0.0391732,0.0525144,10,0.5,0.461459
6,216,1,1,5,0,-0.022657,0.0872899,-0.141672,-0.0107399,-0.00872093,-0.114609,10,0.5,0.251543
7,220,1,1,5,0,0.0693332,-0.0194284,-0.00196361,0.0278112,-0.029499,0.0619392,10,0.5,0.531662
8,227,1,0,5,0,-0.19167,-0.0625026,0.204806,0.18978,-0.10373,0.0119665,10,0.5,0.670542
9,602,1,0,4,0,-0.0494704,0.0352776,-0.071654,0.0352726,-0.0715264,0.0409958,10,0.5,0.411751
10,645,1,1,4,0,-0.0088722,-0.00225835,-0.0626328,-0.121037,0.169365,-0.0523462,10,0.5,0.328767
11,669,1,0,4,0,-0.0811159,-0.127416,0.0409958,-0.0597838,-0.172633,-0.17565,10,0.5,0.309404
12,680,1,1,4,0,-0.181677,0.222485,0.160775,0.00365706,-0.0391732,-0.167751,10,0.5,0.435058
13,683,1,0,4,0,-0.022657,-0.258217,-0.141672,0.0993753,0.200106,-0.0931748,10,0.5,0.210799
14,688,1,1,4,0,-0.0118814,0.200106,0.0105063,0.0996125,-0.226361,0.204806,10,0.5,0.653823
15,727,1,1,4,0,-0.140292,-0.033265,-0.0931748,-0.0597838,-0.172633,-0.17565,10,0.5,0.17736
16,738,1,1,4,0,-0.0304611,0.00551634,-0.00955751,-0.0992825,0.0370861,0.177815,10,0.5,0.607514
17,740,1,1,4,0,-0.173099,0.0381239,0.177815,-0.0597838,-0.0986366,0.140366,10,0.5,0.755061
18,756,1,0,4,0,-0.0506013,-0.12078,-0.061082,0.0238125,-0.0621384,-0.148647,10,0.5,0.235519
19,770,1,0,4,0,0.0352726,-0.00872093,-0.019566,0.0278112,-0.0956569,-0.203168,10,0.5,0.22272
20,777,1,0,4,0,0.0280758,-0.103562,-0.034441,-0.0136112,0.0754563,0.0627503,10,0.5,0.469784
21,778,1,0,4,0,0.18978,-0.0625026,0.204806,0.0718214,-0.0470417,0.0525144,10,0.5,0.695165
22,794,1,1,4,0,-0.0757814,0.134875,0.030388,0.0914493,-0.127416,0.117364,10,0.5,0.587334
23,797,1,0,4,0,-0.140085,-0.157627,0.0462718,0.0398369,-0.0527861,-0.00699485,10,0.5,0.480578
24,808,1,1,4,0,0.0442896,-0.055841,-0.0174531,0.131288,-0.0226097,0.160775,10,0.5,0.582974
25,832,1,1,4,0,-0.229807,-0.0705341,0.0181428,0.0701613,0.134875,0.00460105,10,0.5,0.464307
26,838,1,1,4,0,0.0442896,0.169365,0.171453,0.0311575,0.0180794,-0.019566,10,0.5,0.591403
27,842,1,1,4,0,0.0574139,-0.103491,0.179763,0.0453465,-0.0610469,-0.141672,10,0.5,0.479411
28,849,1,1,4,0,0.0979729,-0.157627,-0.061082,-0.0597838,-0.0470417,0.0247203,10,0.5,0.406138
29,865,1,0,4,0,0.0979729,-0.12078,-0.0538557,0.0708506,-0.0625026,-0.030454,10,0.5,0.35895
30,874,1,1,4,0,0.0816999,0.0289936,-0.0787145,-0.173099,-0.103491,-0.012028,10,0.5,0.352619
31,879,1,0,4,0,0.0419184,-0.0527861,-0.00699485,0.0708506,-0.046093,-0.141123,10,0.5,0.296154
32,921,1,1,4,0,0.0754317,-0.059808,-0.00792649,0.0398369,-0.0715264,-0.019566,10,0.5,0.414867
33,945,1,1,4,0,0.116464,-0.0621384,0.179763,0.116464,0.0352776,0.179763,10,0.5,0.795751
34,948,1,0,4,0,-0.121037,-0.0985847,-0.114609,-0.0309985,0.0424388,-0.198843,10,0.5,0.13344
35,987,1,1,4,0,-0.174552,-0.0957347,-0.00699485,-0.181677,-0.12078,0.105968,10,0.5,0.539328
36,1019,1,1,4,0,-0.181677,0.222485,0.160775,0.0754317,-0.172633,0.140366,10,0.5,0.738291
37,1024,1,1,4,0,0.0816999,-0.0447786,0.0040247,0.0278112,-0.0956569,0.0619392,10,0.5,0.506842
38,1040,1,1,4,0,0.0269239,-0.029499,0.0619392,0.0278112,-0.088774,0.0619392,10,0.5,0.563839
39,1045,1,1,4,0,-0.100691,0.0531953,-0.0940392,0.00672262,-0.0891997,0.127114,10,0.5,0.474475
40,1069,1,0,4,0,-0.151191,-0.0236419,0.0873613,0.0754317,-0.172633,0.140366,10,0.5,0.666041
41,1075,1,1,4,0,0.185671,-0.0705341,0.0181428,-0.140292,0.200106,0.105968,10,0.5,0.564067
42,1086,1,1,4,0,0.0820233,0.00115449,0.030388,0.0325571,0.0180794,0.0247203,10,0.5,0.496159
43,1095,1,0,4,0,0.000155982,-0.00872093,0.0794922,0.0979729,-0.12078,-0.061082,10,0.5,0.460042
44,1100,1,0,4,0,0.0574139,0.0735077,0.179763,-0.140085,-0.12078,-0.0538557,10,0.5,0.565835
45,1111,1,0,4,0,0.000155982,0.0671704,-0.034441,0.0560289,0.0771156,0.030388,10,0.5,0.437935
46,1125,1,0,4,0,-0.0241653,-0.0104522,0.0040247,0.131288,0.0349155,0.030388,10,0.5,0.475791
47,1131,1,0,4,0,-0.121037,0.169365,0.171727,-0.022657,-0.258217,0.0540249,10,0.5,0.664098
48,1171,1,0,4,0,0.116464,0.0352776,0.179763,-0.0269403,-9.8521e-05,-0.0215852,10,0.5,0.597594
49,1187,1,0,4,0,0.0574139,0.00551634,-0.012028,0.0563905,0.00935752,0.171727,10,0.5,0.599092
50,1195,1,1,4,0,0.18978,-0.196379,-0.00955751,0.185671,-0.0634339,-0.269139,10,0.5,0.167645
51,1197,1,1,4,0,-0.140292,0.0546663,-0.0931748,0.0238125,-0.0621384,-0.00792649,10,0.5,0.342425
52,1204,1,1,4,0,-0.19167,-0.0625026,-0.0940392,0.0996125,0.140383,0.0359381,10,0.5,0.384744
53,1225,1,1,4,0,-0.0811159,-0.0298185,0.117364,-0.0507314,-0.0236419,0.0213059,10,0.5,0.578396
54,1228,1,1,4,0,-0.140085,-0.0634343,-0.198843,-0.0597838,0.0754563,0.0627503,10,0.5,0.307988
55,1230,1,0,4,0,-0.0757814,0.134875,-0.211662,-0.0188363,-0.0527861,0.0540249,10,0.5,0.286785
56,1232,1,1,4,0,0.0816999,0.0289936,-0.0424282,-0.0136112,0.0754563,0.0627503,10,0.5,0.461924
57,1239,1,0,4,0,0.0238125,-0.0621384,0.0976818,-0.000311832,-0.0391732,-0.0717985,10,0.5,0.467397
58,1252,1,1,4,0,0.000155982,-0.103562,-0.034441,0.116464,-0.029499,-0.00955751,10,0.5,0.398623
59,1253,1,1,4,0,0.00365706,-0.0102681,0.0525144,-0.0849979,-0.0239877,0.0628915,10,0.5,0.5555
60,1300,1,0,4,0,-0.264539,0.0252698,-0.141123,-0.0867219,-0.0891997,0.127114,10,0.5,0.428137
61,1305,1,1,4,0,0.0238125,0.0703892,0.0976818,-0.08627,-0.0298185,0.0409958,10,0.5,0.578403
62,2012,1,0,3,0,0.000155982,-0.0610469,-0.0626328,-0.0506013,-0.0634343,-0.269139,10,0.5,0.0384474
63,2013,1,1,3,0,0.0442896,0.200106,-0.0174531,-0.173099,0.0381239,0.177815,10,0.5,0.576595
64,2015,1,0,3,0,0.0311575,-0.055841,-0.034441,-0.0506013,0.207166,-0.269139,10,0.5,0.0692751
65,2025,1,1,3,0,-0.121037,0.169365,-0.141123,0.0280758,0.0487256,0.0105063,10,0.5,0.258411
66,2026,1,0,3,0,-0.264539,-0.0815379,-0.211662,0.185671,-0.0985847,-0.269139,10,0.5,-0.124516
67,2037,1,1,3,0,-0.0350953,0.0877409,-0.129777,-0.181677,0.0252698,0.160775,10,0.5,0.435136
68,2042,1,0,3,0,-0.0679983,-0.0625026,-0.030454,0.0563905,0.0738515,-0.185606,10,0.5,0.164978
69,2043,1,1,3,0,-0.0849979,-0.00585709,0.160775,0.0346932,0.0790801,-0.203168,10,0.5,0.354882
70,2044,1,1,3,0,-0.181677,-0.0391732,-0.0174531,0.131288,-0.0829439,0.0941633,10,0.5,0.485122
71,2050,1,1,3,0,-0.000311832,0.0424388,-0.0400209,-0.13827,-0.103491,0.177815,10,0.5,0.551917
72,2064,1,1,3,0,-0.000311832,0.117602,-0.0717985,0.0574139,0.0352776,-0.012028,10,0.5,0.309575
73,2068,1,1,3,0,-0.173099,-0.135296,0.122126,-0.0506013,-0.0634343,-0.17565,10,0.5,0.342711
74,2074,1,1,3,0,0.131288,0.222485,0.160775,0.0280758,0.0487256,0.0105063,10,0.5,0.588536
75,2083,1,1,3,0,0.0366108,0.134875,0.177815,0.0701613,-0.0610469,0.00460105,10,0.5,0.600711
76,2086,1,1,3,0,0.185671,0.0919992,-0.199015,0.0754317,0.222485,0.160775,10,0.5,0.359425
77,2088,1,0,3,0,-0.000311832,0.0370861,-0.0400209,0.0918836,0.134875,0.00460105,10,0.5,0.362508
78,2104,1,0,3,0,0.0442896,0.169365,0.171453,-0.0309985,-0.0957347,-0.198843,10,0.5,0.371288
79,2108,1,0,3,0,-0.126853,-0.12078,0.14728,0.0397055,-0.0340899,0.171727,10,0.5,0.750074
80,2112,1,1,3,0,0.0560289,-0.0462286,0.0540249,0.109591,0.0568084,0.122094,10,0.5,0.593825
81,2140,1,1,3,0,-0.0849979,-0.0829439,0.0181194,-0.0494704,-0.10373,-0.071654,10,0.5,0.3427
82,2141,1,0,3,0,-0.0304611,0.0735077,0.0359381,0.0269239,-0.088774,0.0619392,10,0.5,0.508269
83,2143,1,1,3,0,-0.08627,-0.0634343,-0.0739538,0.0816999,-0.258217,-0.141123,10,0.5,0.166054
84,2145,1,0,3,0,0.0269239,0.00529071,0.0181428,-0.140085,-0.00585709,-0.198843,10,0.5,0.203644
85,2149,1,0,3,0,0.0574139,0.00935752,0.171727,0.0563905,0.00935752,-0.185606,10,0.5,0.386063
86,2154,1,0,3,0,-0.264539,0.0252698,-0.0538557,-0.049584,-0.0957347,-0.198843,10,0.5,0.124913
87,2160,1,0,3,0,-0.0757814,0.00115449,-0.269139,0.00672262,0.00935752,0.0105063,10,0.5,0.118425
88,2163,1,0,3,0,-0.0107399,0.134875,-0.00196361,-0.022657,0.0252698,-0.141672,10,0.5,0.244174
89,2176,1,0,3,0,-0.0867219,-0.0236419,-0.114609,0.0398369,-0.0298185,0.16514,10,0.5,0.456496
90,2179,1,0,3,0,-0.0867219,0.0252698,-0.141123,-0.19167,-0.0625026,-0.0940392,10,0.5,0.14409
91,2183,1,1,3,0,-0.0107399,0.0735077,-0.12518,0.0053598,0.141173,-0.00561113,10,0.5,0.258219
92,2185,1,1,3,0,0.185671,-0.0705341,0.0140882,0.0397055,0.00935752,-0.0424282,10,0.5,0.37025
93,2190,1,0,3,0,-0.0506013,-0.0298185,-0.061082,0.00672262,-0.033265,-0.00196361,10,0.5,0.332299
94,2191,1,0,3,0,-0.0679983,-0.0625026,-0.0538557,0.0560289,0.0771156,0.030388,10,0.5,0.375578
95,2198,1,1,3,0,-0.0811159,-0.172633,-0.17565,0.0708506,-0.127416,-0.012028,10,0.5,0.196014
96,2200,1,1,3,0,-0.13827,-0.0475079,-0.00699485,0.0453465,-0.0470417,-0.00561113,10,0.5,0.387455
97,2212,1,1,3,0,0.0574139,0.0381239,-0.0717985,-0.149306,-0.0102681,0.0599241,10,0.5,0.388255
98,2217,1,0,3,0,-0.140085,0.0252698,-0.0538557,-0.0118814,-0.226361,0.0105063,10,0.5,0.353837
99,2219,1,1,3,0,0.0398369,-0.0462286,-0.211662,-0.264539,-0.0634343,-0.141672,10,0.5,0.0148692
100,2224,1,1,3,0,0.0816999,0.0289936,-0.0787145,-0.19167,-0.226361,0.0359381,10,0.5,0.354464
101,2228,1,0,3,0,0.00365706,-0.0102681,0.0525144,-0.000311832,-0.0470417,0.00460105,10,0.5,0.463695
102,2230,1,0,3,0,-0.126853,-0.0314561,-0.185606,0.0238125,0.0568084,0.0105063,10,0.5,0.209768
103,2234,1,0,3,0,0.0847362,-0.135296,0.177815,0.0979729,-0.12078,-0.203168,10,0.5,0.373516
104,2246,1,1,3,0,0.0238125,0.0703892,0.0976818,0.116464,-0.0621384,0.179763,10,0.5,0.704626
105,2264,1,1,3,0,-0.0867219,-0.0236419,0.0181428,-0.049584,-0.0236419,0.0873613,10,0.5,0.516608
106,2292,1,0,3,0,0.0935869,-0.0475079,-0.00417058,-0.0597838,-0.157627,-0.061082,10,0.5,0.329886
107,2309,1,0,3,0,-0.0188363,0.134875,-0.211662,-0.173099,0.0381239,0.140366,10,0.5,0.323277
108,2315,1,1,3,0,-0.121037,-0.0625026,-0.0174531,0.161501,0.0919992,0.0549423,10,0.5,0.442234
109,2326,1,0,3,0,0.0053598,0.200106,0.124066,-0.0849979,-0.0239877,0.0525144,10,0.5,0.59433
110,2330,1,0,3,0,0.00672262,-0.0621384,0.177815,-0.049584,-0.0957347,0.119855,10,0.5,0.726741
111,2335,1,1,3,0,0.0935869,-0.029499,0.0976818,0.0453465,0.0790801,0.00523417,10,0.5,0.513778
112,2344,1,0,3,0,0.0419184,-0.10373,-0.0463515,-0.0309985,-0.0957347,0.119855,10,0.5,0.481615
113,2354,1,1,3,0,-0.022657,0.0877409,0.0143608,0.0935869,-0.029499,0.105968,10,0.5,0.532819
114,2362,1,0,3,0,0.116464,0.0424388,-0.0400209,-0.0494704,0.0771156,0.0213059,10,0.5,0.380775
115,2366,1,1,3,0,0.0820233,0.0252698,0.127114,0.0398369,-0.0298185,0.16514,10,0.5,0.72082
116,2378,1,1,3,0,-0.0849979,0.0252698,0.0628915,0.0820233,-0.0986366,0.140366,10,0.5,0.623502
117,2383,1,0,3,0,0.0979729,-0.0625026,-0.141123,0.116464,-0.0621384,0.179763,10,0.5,0.443493
118,2389,1,1,3,0,-0.0350953,0.0180794,0.0143608,-0.0529153,-0.0815379,-0.0424282,10,0.5,0.370548
119,2396,1,0,3,0,0.0453465,0.0872899,-0.141672,0.0754317,-0.059808,0.140366,10,0.5,0.399812
120,2411,1,1,3,0,0.0280758,-0.00225835,-0.0626328,-0.0992825,0.00551634,-0.00955751,10,0.5,0.3223
121,2420,1,0,3,0,0.131288,-0.0829439,0.0835065,-0.181677,-0.172633,0.160775,10,0.5,0.668361
122,2424,1,1,3,0,-0.022657,-0.258217,0.0540249,-0.140292,0.200106,0.105968,10,0.5,0.576192
123,2427,1,1,3,0,0.0280758,0.0754563,0.0627503,-0.121037,-0.0985847,-0.0174531,10,0.5,0.450772
124,2436,1,0,3,0,-0.0304611,-0.196379,0.0409958,0.0996125,0.00935752,0.0359381,10,0.5,0.485367
125,2439,1,1,3,0,0.0847362,0.0180794,0.177815,0.00672262,-0.0891997,-0.0940392,10,0.5,0.492848
126,2440,1,1,3,0,-0.0597838,-0.0634343,0.177815,-0.000311832,-0.0391732,0.0525144,10,0.5,0.653105
127,2444,1,1,3,0,0.0847362,0.0370861,0.122126,-0.0507314,0.141173,-0.00561113,10,0.5,0.528649
128,2451,1,1,3,0,-0.229807,-0.0705341,0.16514,0.0996125,0.200106,0.0105063,10,0.5,0.593309
129,2456,1,1,3,0,-0.121037,-0.0985847,-0.114609,0.0918836,0.00935752,-0.185606,10,0.5,0.0729544
130,2467,1,1,3,0,-0.140085,0.0735077,-0.0538557,0.0574139,-0.172633,-0.17565,10,0.5,0.150275
131,2471,1,0,3,0,-0.181677,-0.12078,-0.0523462,0.0979729,-0.12078,0.105968,10,0.5,0.459875
132,2473,1,0,3,0,-0.0309985,-0.0634343,-0.0538557,-0.0309985,-0.0314561,0.119855,10,0.5,0.47341
133,2477,1,1,3,0,-0.0507314,0.0735077,0.0119665,-0.0309985,0.0352776,-0.071654,10,0.5,0.335971
134,2479,1,1,3,0,-0.0597838,-0.033265,0.0119665,0.0701613,0.134875,0.030388,10,0.5,0.447554
135,2498,1,1,3,0,-0.0679983,0.140383,-0.030454,0.116464,0.0352776,0.179763,10,0.5,0.564509
136,2506,1,0,3,0,-0.0597838,-0.0610469,-0.073531,0.0397055,-0.0634339,0.171727,10,0.5,0.508617
137,2510,1,0,3,0,-0.121037,-0.258217,0.171727,-0.13827,-0.103491,0.177815,10,0.5,0.783464
138,2518,1,0,3,0,-0.000311832,-0.0470417,-0.0400209,-0.0529153,-0.0957347,-0.0538557,10,0.5,0.298586
139,2528,1,0,3,0,0.0693332,0.140383,0.204806,-0.174552,-0.394149,-0.0940392,10,0.5,0.522363
140,2529,1,0,3,0,-0.140292,0.0546663,0.192671,-0.174552,-0.0475079,-0.129777,10,0.5,0.470014
141,2538,1,0,3,0,0.000155982,-0.0104522,-0.0626328,0.0816999,-0.0340899,0.171727,10,0.5,0.520535
142,2540,1,0,3,0,0.0442896,0.200106,0.0105063,0.00672262,-0.0475079,-0.198843,10,0.5,0.195293
143,2542,1,0,3,0,-0.0309985,-0.0815379,-0.0538557,0.116464,-0.0621384,0.179763,10,0.5,0.538919
144,2548,1,1,3,0,-0.0494704,0.00115449,-0.071654,-0.140292,0.200106,0.0105063,10,0.5,0.334375
145,2552,1,1,3,0,-0.151191,0.0546663,0.127114,0.0693332,0.134875,-0.00196361,10,0.5,0.538092
146,2553,1,1,3,0,0.136108,0.0919992,-0.199015,0.0979729,-0.0956569,-0.0931748,10,0.5,0.0817307
147,2560,1,0,3,0,-0.100691,-0.0314561,0.14728,0.00672262,-0.172633,-0.00792649,10,0.5,0.553622
148,2575,1,1,3,0,-0.0679983,0.140383,-0.030454,-0.022657,-0.258217,0.00460105,10,0.5,0.372969
149,3186,1,0,2,0,0.0816999,-0.0340899,-0.0626328,0.0278112,-0.029499,0.0619392,10,0.5,0.355192
150,3187,1,1,2,0,0.0366108,-0.0214056,-0.071654,0.0993753,-0.157627,0.171727,10,0.5,0.477624
151,3188,1,0,2,0,0.0820233,-0.055841,-0.00196361,-0.140292,0.200106,0.0540249,10,0.5,0.41929
152,3202,1,1,2,0,-0.11086,-0.0829439,0.160775,0.185671,0.00551634,-0.00955751,10,0.5,0.539764
153,3204,1,0,2,0,0.0280758,0.0754563,0.0627503,-0.0188363,0.0482511,0.122192,10,0.5,0.58074
154,3206,1,1,2,0,-0.140292,0.200106,-0.0523462,-0.140085,-0.0634343,-0.198843,10,0.5,0.05084
155,3209,1,0,2,0,-0.174552,0.140383,-0.0940392,0.0816999,-0.258217,-0.141123,10,0.5,0.0703137
156,3210,1,1,2,0,-0.0494704,-0.0715264,0.0409958,-0.181677,-0.0957347,-0.00699485,10,0.5,0.397346
157,3211,1,1,2,0,-0.0506013,-0.033265,-0.061082,-0.103138,-0.0986366,0.127114,10,0.5,0.436265
158,3213,1,0,2,0,-0.181677,0.0424388,0.14728,0.0397055,-0.0340899,0.171727,10,0.5,0.743629
159,3215,1,1,2,0,0.0238125,0.134875,0.0686572,0.0918836,-0.0985847,-0.114609,10,0.5,0.300204
160,3219,1,1,2,0,-0.022657,-0.258217,0.0181194,-0.0107399,0.0735077,-0.12518,10,0.5,0.225956
161,3221,1,0,2,0,-0.0507314,0.0735077,-0.00955751,0.0701613,-0.0470417,-0.0424282,10,0.5,0.292873
162,3225,1,1,2,0,-0.19167,-0.029499,0.0105063,-0.0529153,-0.0236419,0.0213059,10,0.5,0.394687
163,3236,1,1,2,0,0.0993753,-0.033265,0.177815,0.0398369,-0.0462286,-0.211662,10,0.5,0.314911
164,3240,1,1,2,0,0.0560289,-0.0625026,-0.0538557,-0.173099,-0.103491,-0.012028,10,0.5,0.275986
165,3242,1,0,2,0,0.0918836,0.0370861,-0.0400209,0.0718214,-0.0527861,0.122192,10,0.5,0.455873
166,3243,1,0,2,0,0.0311575,-0.00872093,0.240331,-0.13827,-0.0475079,-0.00699485,10,0.5,0.639538
167,3244,1,1,2,0,0.116464,-0.10373,0.179763,0.0816999,-0.103491,-0.0787145,10,0.5,0.478809
168,3247,1,1,2,0,-0.173099,-0.0715264,-0.012028,-0.0107399,-0.0236419,0.0807381,10,0.5,0.439518
169,3248,1,0,2,0,-0.12212,0.0487256,-0.155223,0.0346932,-0.12078,0.192671,10,0.5,0.401535
170,3257,1,0,2,0,-0.0679983,-0.103562,-0.141123,0.0325571,0.169365,-0.061082,10,0.5,0.110357
171,3258,1,0,2,0,0.00365706,0.169365,0.0525144,-0.0811159,-0.0236419,0.0213059,10,0.5,0.445727
172,3272,1,1,2,0,0.00365706,-0.0102681,0.14728,0.18978,-0.0634339,-0.00955751,10,0.5,0.523368
173,3274,1,1,2,0,0.0397055,-0.0705341,0.204806,0.0816999,-0.258217,-0.141123,10,0.5,0.43341
174,3280,1,0,2,0,-0.181677,-0.0298185,0.0409958,0.0979729,0.134875,0.0686572,10,0.5,0.489264
175,3286,1,1,2,0,-0.08627,-0.258217,0.171727,0.0816999,-0.0957347,-0.0215852,10,0.5,0.538458
176,3288,1,1,2,0,0.0398369,-0.0527861,-0.00699485,-0.140292,0.200106,0.0105063,10,0.5,0.360302
177,3289,1,0,2,0,0.0708506,0.134875,-0.00196361,0.0238125,-0.0621384,-0.0739538,10,0.5,0.263796
178,3291,1,0,2,0,-0.19167,0.0381239,-0.0717985,-0.0506013,-0.0634343,0.177815,10,0.5,0.484845
179,3293,1,1,2,0,-0.0309985,0.134875,-0.00196361,-0.13827,-0.103491,0.177815,10,0.5,0.569694
180,3296,1,0,2,0,-0.121037,0.0771156,0.030388,0.0574139,0.00935752,0.0105063,10,0.5,0.405722
181,3307,1,1,2,0,0.0325571,-0.0470417,-0.0717985,0.0996125,-0.0625026,0.0359381,10,0.5,0.312465
182,3316,1,1,2,0,-0.140292,-0.0610469,0.0217566,0.0754317,0.222485,0.160775,10,0.5,0.577811
183,3323,1,1,2,0,-0.000311832,-0.0470417,-0.0717985,0.0238125,-0.0956569,0.124066,10,0.5,0.41954
184,3329,1,1,2,0,0.0453465,0.0872899,-0.141672,0.0935869,-0.12078,0.105968,10,0.5,0.312655
185,3330,1,1,2,0,-0.0597838,0.00935752,-0.073531,0.0820233,-0.0239877,0.0941633,10,0.5,0.381104
186,3331,1,0,2,0,-0.000311832,-0.0956569,0.0409958,-0.121037,-0.258217,0.0540249,10,0.5,0.471485
187,3332,1,0,2,0,-0.0309985,-0.0957347,0.0525144,-0.173099,0.0381239,-0.073531,10,0.5,0.3305
188,3333,1,0,2,0,-0.0849979,-0.0239877,0.0525144,-0.022657,-0.0298185,-0.141672,10,0.5,0.247709
189,3337,1,1,2,0,0.0820233,0.134875,-0.269139,-0.0507314,0.0703892,-0.00699485,10,0.5,0.0205329
190,3338,1,1,2,0,-0.0241653,0.134875,-0.0564613,-0.0811159,-0.172633,-0.012028,10,0.5,0.272821
191,3341,1,1,2,0,0.18978,-0.10373,0.0119665,0.0935869,-0.0475079,-0.129777,10,0.5,0.212895
192,3345,1,0,2,0,-0.0304611,-0.196379,-0.00955751,-0.140292,-0.172633,-0.0931748,10,0.5,0.231215
193,3347,1,0,2,0,0.0352726,0.0370861,0.0409958,-0.0811159,-0.0298185,0.140366,10,0.5,0.57639
194,3352,1,0,2,0,0.0701613,0.134875,-0.00561113,0.0442896,0.200106,-0.0174531,10,0.5,0.328012
195,3354,1,1,2,0,0.0325571,-0.0610469,-0.00561113,0.185671,-0.00872093,-0.269139,10,0.5,0.0222141
196,3355,1,1,2,0,-0.0350953,0.0180794,0.0143608,0.0563905,-0.00872093,0.0794922,10,0.5,0.470067
197,3357,1,0,2,0,0.00672262,-0.0298185,-0.061082,0.0935869,0.0877409,0.105968,10,0.5,0.410571
198,3359,1,1,2,0,-0.0304611,-0.394149,0.0409958,-0.0309985,-0.10373,0.0119665,10,0.5,0.420384
199,3360,1,0,2,0,-0.000311832,0.134875,-0.0400209,0.0754317,0.222485,0.160775,10,0.5,0.502751
200,3364,1,0,2,0,0.00672262,-0.033265,-0.00955751,0.0935869,0.0877409,0.105968,10,0.5,0.473174
201,3365,1,1,2,0,-0.0350953,0.0919992,0.171453,-0.174552,-0.0957347,0.0217566,10,0.5,0.590784
202,3366,1,1,2,0,0.0897868,0.0180794,0.0040247,0.0718214,-0.0956569,0.0525144,10,0.5,0.42473
203,3369,1,1,2,0,0.0366108,0.0352776,0.179763,0.116464,0.0352776,0.179763,10,0.5,0.79286
204,3370,1,0,2,0,-0.0507314,-0.0610469,0.124066,0.161501,-0.0957347,-0.199015,10,0.5,0.264973
205,3373,1,1,2,0,-0.000311832,0.0370861,0.00460105,0.0325571,0.207166,-0.061082,10,0.5,0.287411
206,3374,1,0,2,0,0.0701613,0.134875,-0.00561113,0.0820233,0.0381239,0.0686572,10,0.5,0.432636
207,3376,1,1,2,0,0.0442896,0.0738515,-0.00699485,0.0979729,-0.10373,-0.0931748,10,0.5,0.234329
208,3401,1,1,2,0,-0.140292,0.0180794,0.0105063,-0.181677,-0.0634343,-0.198843,10,0.5,0.127206
209,3411,1,0,2,0,-0.0494704,-0.10373,0.179763,0.0718214,0.0482511,-0.211662,10,0.5,0.317278
210,3415,1,1,2,0,-0.0867219,0.0252698,-0.141123,-0.0304611,-0.127416,0.0794922,10,0.5,0.281154
211,3416,1,0,2,0,-0.0507314,-0.0610469,0.0213059,-0.0849979,0.00935752,0.0181428,10,0.5,0.403965
212,3422,1,1,2,0,-0.0507314,0.0735077,0.0213059,0.00672262,0.00935752,0.0105063,10,0.5,0.394687
213,3423,1,1,2,0,-0.19167,0.140383,0.204806,-0.0597838,-0.0470417,-0.061082,10,0.5,0.530659
214,3433,1,0,2,0,-0.121037,0.200106,-0.0174531,-0.121037,0.169365,0.0105063,10,0.5,0.347595
215,3437,1,1,2,0,0.0453465,0.0872899,0.140366,-0.0597838,-0.172633,-0.0931748,10,0.5,0.413372
216,3441,1,0,2,0,-0.181677,0.0180794,-0.019566,-0.0107399,0.141173,-0.12518,10,0.5,0.180169
217,3444,1,1,2,0,0.00365706,-0.0391732,0.0525144,-0.126853,-0.0236419,0.0807381,10,0.5,0.517937
218,3445,1,1,2,0,0.18978,-0.0634339,-0.00955751,-0.0188363,0.0735077,0.0359381,10,0.5,0.388088
219,3450,1,0,2,0,-0.0757814,-0.127416,0.0140882,0.0754317,-0.0715264,-0.00792649,10,0.5,0.363522
220,3453,1,0,2,0,-0.264539,-0.046093,-0.141123,-0.0188363,0.0482511,0.122192,10,0.5,0.333035
221,3456,1,0,2,0,-0.0992825,0.0546663,0.0619392,-0.264539,0.0252698,0.0873613,10,0.5,0.537435
222,3465,1,1,2,0,0.0397055,-0.12078,-0.061082,0.0238125,-0.0705341,0.0976818,10,0.5,0.400504
223,3468,1,0,2,0,0.0397055,-0.0634339,0.0643646,-0.0309985,0.0919992,0.0807381,10,0.5,0.532335
224,3471,1,1,2,0,-0.0107399,-0.103562,-0.114609,-0.0506013,-0.0634343,0.0941633,10,0.5,0.331194
225,3474,1,1,2,0,-0.121037,-0.0340899,0.030388,-0.022657,-0.258217,-0.141123,10,0.5,0.221493
226,3476,1,0,2,0,-0.0849979,-0.0226097,0.0628915,0.0238125,0.0546663,-0.0931748,10,0.5,0.319241
227,3480,1,1,2,0,-0.140292,-0.0475079,-0.129777,0.0701613,-0.0610469,0.177815,10,0.5,0.414401
228,3486,1,0,2,0,-0.0529153,-0.0815379,-0.0400209,0.0352726,-0.0226097,0.0941633,10,0.5,0.421818
229,3488,1,1,2,0,-0.022657,-0.0340899,-0.0424282,0.116464,0.0424388,-0.0215852,10,0.5,0.278259
230,3491,1,1,2,0,-0.140292,0.200106,-0.0523462,0.0280758,0.0487256,-0.034441,10,0.5,0.250589
231,3492,1,0,2,0,-0.0849979,-0.00585709,0.160775,0.185671,0.222485,-0.199015,10,0.5,0.309574
232,3497,1,0,2,0,0.0397055,-0.0634339,-0.0215852,-0.0708674,0.0738515,0.171727,10,0.5,0.538458
233,3499,1,1,2,0,0.131288,-0.172633,0.0835065,0.18978,-0.0634339,-0.00955751,10,0.5,0.445883
234,3504,1,0,2,0,-0.0309985,-0.127416,-0.198843,-0.140292,0.00115449,0.0105063,10,0.5,0.127206
235,3505,1,0,2,0,0.0397055,0.0738515,-0.061082,-0.0507314,-0.0298185,0.0213059,10,0.5,0.307707
236,3511,1,0,2,0,-0.121037,0.0735077,-0.00955751,0.0238125,-0.0610469,-0.211662,10,0.5,0.0872536
237,3512,1,1,2,0,-0.0188363,0.0381239,-0.211662,0.0398369,-0.0136938,-0.00699485,10,0.5,0.0903672
238,3514,1,1,2,0,0.00672262,0.200106,-0.198843,-0.0849979,-0.0986366,0.0628915,10,0.5,0.190854
239,3515,1,0,2,0,-0.264539,0.0252698,-0.0538557,0.161501,-0.0391732,0.0807381,10,0.5,0.388697
240,3517,1,1,2,0,0.136108,-0.0138001,-0.00699485,-0.000311832,-0.0470417,0.00460105,10,0.5,0.353127
241,3523,1,1,2,0,-0.0597838,0.0180794,0.0105063,0.0754317,-0.059808,-0.00792649,10,0.5,0.35917
242,3525,1,1,2,0,0.0442896,0.169365,-0.198843,-0.0597838,0.0180794,0.0247203,10,0.5,0.144476
243,3527,1,0,2,0,-0.0679983,-0.0625026,-0.141123,0.0816999,0.00935752,0.171727,10,0.5,0.39322
244,3530,1,1,2,0,0.0722867,0.0370861,0.122126,0.0918836,0.00935752,0.00460105,10,0.5,0.510009
245,3534,1,1,2,0,-0.0597838,-0.127416,-0.17565,-0.140292,0.192828,-0.0523462,10,0.5,0.0790197
246,3535,1,0,2,0,0.0979729,-0.0956569,-0.0931748,-0.0350953,0.0919992,0.0143608,10,0.5,0.260276
247,3539,1,0,2,0,0.0914493,-0.127416,0.117364,0.0914493,-0.0470417,-0.0424282,10,0.5,0.447082
248,3551,1,1,2,0,-0.0992825,0.0546663,-0.0931748,-0.121037,0.0872899,0.0540249,10,0.5,0.308468
249,3552,1,1,2,0,-0.0118814,0.0289936,-0.194866,0.185671,-0.0634339,-0.00955751,10,0.5,0.10766
250,3556,1,1,2,0,-0.0679983,0.140383,-0.030454,0.0816999,-0.258217,-0.141123,10,0.5,0.14757
251,3561,1,1,2,0,0.0847362,0.0531953,-0.0940392,-0.140292,0.0546663,-0.00792649,10,0.5,0.232147
252,3562,1,1,2,0,-0.264539,-0.0829439,0.160775,-0.173099,-0.0634343,0.122126,10,0.5,0.69976
253,3564,1,1,2,0,0.0311575,-0.00872093,-0.034441,0.116464,0.0703892,0.0976818,10,0.5,0.432873
254,3565,1,0,2,0,0.0397055,-0.0340899,0.171727,-0.022657,0.0872899,-0.114609,10,0.5,0.425434
255,3571,1,0,2,0,-0.121037,0.0919992,0.171453,-0.0849979,0.00935752,0.0628915,10,0.5,0.640763
256,3589,1,1,2,0,-0.140292,-0.0610469,0.0217566,-0.0527701,-0.0986366,0.0217566,10,0.5,0.408904
257,3590,1,1,2,0,-0.0867219,-0.103562,-0.114609,0.00672262,0.00935752,0.0105063,10,0.5,0.229551
258,3596,1,0,2,0,0.0366108,0.134875,0.0807381,-0.0849979,-0.0102681,0.0525144,10,0.5,0.517937
259,3600,1,0,2,0,-0.19167,-0.0625026,-0.030454,0.0718214,-0.0391732,-0.167751,10,0.5,0.115216
260,3613,1,0,2,0,0.0269239,0.00529071,0.0181428,0.0754317,-0.0715264,0.0217566,10,0.5,0.404513
261,3614,1,0,2,0,-0.121037,0.0424388,-0.198843,-0.126853,-0.0340899,0.105968,10,0.5,0.243192
262,3615,1,1,2,0,-0.0597838,0.200106,0.0105063,0.0238125,0.0352776,0.124066,10,0.5,0.519541
263,3616,1,1,2,0,-0.13827,0.0568084,0.0140882,0.0238125,-0.0705341,0.0181428,10,0.5,0.395196
264,3618,1,1,2,0,-0.0309985,-0.0815379,-0.0538557,0.0979729,0.00529071,0.0619392,10,0.5,0.365857
265,3621,1,0,2,0,-0.0679983,0.140383,-0.030454,0.0693332,0.134875,0.0359381,10,0.5,0.362698
266,3622,1,0,2,0,-0.0679983,-0.0625026,0.204806,-0.0304611,0.0352776,0.0794922,10,0.5,0.701457
267,3623,1,1,2,0,-0.022657,-0.0298185,-0.0931748,0.0238125,-0.029499,0.0181428,10,0.5,0.264871
268,3624,1,0,2,0,-0.000311832,-0.0470417,-0.0424282,0.0280758,-0.0298185,0.0540249,10,0.5,0.370125
269,3626,1,1,2,0,-0.121037,0.0738515,-0.198843,0.0280758,0.0487256,0.0105063,10,0.5,0.127206
270,3628,1,0,2,0,0.0238125,-0.0621384,0.0976818,0.0754317,-0.0453,0.0217566,10,0.5,0.501153
271,3630,1,0,2,0,0.0352726,-0.00872093,0.0105063,-0.0849979,-0.055841,0.0941633,10,0.5,0.483209
272,3636,1,0,2,0,0.0366108,0.134875,-0.00196361,0.0979729,0.0919992,-0.199015,10,0.5,0.111847
273,3637,1,0,2,0,-0.19167,-0.0625026,0.0643646,0.0701613,0.134875,0.0181428,10,0.5,0.456282
274,3641,1,1,2,0,-0.0494704,0.0352776,-0.071654,0.0816999,-0.0281425,-0.073531,10,0.5,0.179635
275,4135,1,0,1,0,0.0397055,-0.0634339,0.171727,0.0754317,-0.059808,-0.00792649,10,0.5,0.526939
276,4139,1,0,1,0,-0.126853,0.0568084,0.0105063,0.0693332,-0.033265,0.105968,10,0.5,0.463048
277,4140,1,1,1,0,0.0560289,0.0771156,-0.0787145,0.0776909,-0.029499,-0.141672,10,0.5,0.00828644
278,4144,1,1,1,0,0.0346932,-0.12078,0.192671,-0.000311832,-0.0957347,0.177815,10,0.5,0.805964
279,4146,1,1,1,0,0.161501,-0.0391732,-0.0538557,-0.173099,-0.0634343,0.122126,10,0.5,0.397973
280,4148,1,0,1,0,0.0993753,-0.055841,0.0686572,-0.181677,-0.0715264,-0.00699485,10,0.5,0.389052
281,4149,1,0,1,0,-0.0849979,0.134875,0.0628915,0.0397055,-0.0705341,-0.061082,10,0.5,0.308251
282,4151,1,1,1,0,-0.0867219,0.0252698,-0.00417058,-0.173099,-0.0829439,0.122126,10,0.5,0.465048
283,4152,1,1,1,0,-0.19167,0.140383,0.204806,-0.0507314,-0.033265,-0.0174531,10,0.5,0.558734
284,4153,1,1,1,0,0.185671,0.222485,-0.199015,0.0693332,-0.029499,0.0686572,10,0.5,0.129826
285,4156,1,0,1,0,-0.0992825,0.0546663,0.0873613,0.0453465,-0.103491,0.179763,10,0.5,0.666426
286,4157,1,0,1,0,0.0442896,0.134875,-0.00196361,0.18978,0.0790801,0.204806,10,0.5,0.579645
287,4160,1,0,1,0,0.0238125,-0.0610469,-0.211662,-0.0507314,0.0370861,-0.00561113,10,0.5,0.0124893
288,4162,1,1,1,0,-0.121037,-0.0985847,-0.198843,-0.000311832,-0.0391732,0.0976818,10,0.5,0.16924
289,4164,1,1,1,0,0.00365706,-0.0102681,0.127114,-0.000311832,-0.0470417,0.00460105,10,0.5,0.483624
290,4165,1,1,1,0,0.0352726,-0.055841,-0.034441,-0.0188363,0.0735077,-0.00955751,10,0.5,0.24641
291,4167,1,1,1,0,-0.0304611,0.0352776,0.0794922,-0.181677,0.0877409,-0.129777,10,0.5,0.237923
292,4170,1,0,1,0,-0.0269403,0.00115449,-0.17565,0.185671,-0.196379,-0.269139,10,0.5,-0.294657
293,4171,1,1,1,0,0.0693332,0.0381239,-0.00196361,0.0053598,0.0352776,0.0976818,10,0.5,0.435028
294,4172,1,0,1,0,-0.0867219,-0.0625026,-0.141123,-0.0679983,0.140383,0.179763,10,0.5,0.357973
295,4173,1,1,1,0,-0.0188363,-0.0475079,-0.00699485,-0.173099,-0.0634343,-0.17565,10,0.5,0.0592374
296,4174,1,0,1,0,-0.0309985,-0.0957347,0.0807381,-0.0506013,-0.0527861,-0.17565,10,0.5,0.177677
297,4176,1,1,1,0,-0.022657,-0.258217,-0.141672,0.0754317,0.0919992,-0.199015,10,0.5,-0.154119
298,4177,1,1,1,0,0.0352726,-0.00872093,0.124066,0.0847362,-0.0891997,0.177815,10,0.5,0.713347
299,4178,1,0,1,0,-0.0269403,-9.8521e-05,-0.0215852,-0.19167,0.0381239,-0.0717985,10,0.5,0.17974
300,4179,1,0,1,0,0.0366108,0.0919992,-0.00196361,-0.121037,-0.0985847,-0.0174531,10,0.5,0.279595
301,4181,1,0,1,0,0.0574139,0.0735077,-0.0538557,-0.103138,-0.0986366,0.140366,10,0.5,0.422597
302,4190,1,0,1,0,0.0574139,0.00935752,0.171727,-0.100691,0.0531953,-0.0940392,10,0.5,0.410687
303,4191,1,0,1,0,0.0979729,-0.135296,0.177815,0.18978,-0.172633,-0.00955751,10,0.5,0.532955
304,4192,1,1,1,0,0.0979729,0.134875,-0.00196361,-0.022657,-0.0634343,-0.129777,10,0.5,0.127958
305,4194,1,0,1,0,0.0993753,-0.033265,0.0359381,-0.0507314,0.0735077,0.0119665,10,0.5,0.370479
306,4196,1,1,1,0,0.0398369,-0.0298185,-0.114609,0.18978,0.0487256,0.204806,10,0.5,0.427574
307,4197,1,1,1,0,0.0816999,0.0289936,-0.0424282,0.0398369,0.0252698,0.127114,10,0.5,0.420134
308,4198,1,1,1,0,0.0419184,-0.0527861,-0.141123,-0.264539,0.0289936,-0.141123,10,0.5,-0.075223
309,4200,1,0,1,0,-0.121037,-0.0956569,0.0409958,-0.151191,0.134875,0.127114,10,0.5,0.532757
310,4203,1,0,1,0,-0.0304611,0.0735077,0.0619392,-0.022657,-0.00872093,-0.141672,10,0.5,0.198169
311,4205,1,1,1,0,-0.0507314,-0.0610469,0.124066,-0.19167,0.140383,-0.061082,10,0.5,0.390837
312,4208,1,0,1,0,0.0053598,-0.0239877,0.0525144,-0.0507314,0.141173,-0.00561113,10,0.5,0.369127
313,4209,1,1,1,0,0.0419184,-0.0527861,-0.141123,-0.0350953,-0.00585709,-0.198843,10,0.5,-0.153146
314,4210,1,0,1,0,0.0398369,0.00935752,0.171727,-0.0597838,0.134875,0.030388,10,0.5,0.578664
315,4211,1,1,1,0,-0.140085,-0.0621384,0.179763,-0.000311832,0.140383,0.0525144,10,0.5,0.619383
316,4212,1,0,1,0,-0.0507314,-0.0610469,0.0213059,-0.0309985,-0.0298185,-0.269139,10,0.5,-0.0287665
317,4215,1,0,1,0,0.0397055,0.0424388,0.14728,0.0398369,-0.059808,-0.019566,10,0.5,0.478221
318,4218,1,1,1,0,0.0914493,-0.0340899,-0.0787145,-0.0269403,0.207166,0.0686572,10,0.5,0.292231
319,4222,1,0,1,0,-0.0107399,0.0180794,-0.12518,-0.0309985,0.00529071,-0.0538557,10,0.5,0.0641096
320,4223,1,1,1,0,-0.121037,0.200106,0.0105063,-0.0597838,0.134875,0.030388,10,0.5,0.361015
321,4224,1,0,1,0,-0.140085,-0.12078,0.179763,-0.140292,-0.0634343,-0.0523462,10,0.5,0.477821
322,4228,1,1,1,0,-0.174552,-0.0475079,-0.129777,-0.0992825,0.0546663,-0.0931748,10,0.5,0.00482306
323,4232,1,0,1,0,0.0693332,0.134875,0.0359381,-0.0597838,0.0352776,0.124066,10,0.5,0.521814
324,4236,1,1,1,0,0.161501,-0.0957347,-0.199015,-0.0527701,-0.0986366,0.0217566,10,0.5,0.0665097
325,4239,1,1,1,0,-0.000311832,0.222485,0.160775,0.0820233,0.0531953,0.0247203,10,0.5,0.556226
326,4240,1,1,1,0,-0.0107399,0.141173,-0.12518,-0.126853,-0.00872093,0.0794922,10,0.5,0.244129
327,4241,1,1,1,0,0.0398369,0.0252698,0.171727,-0.0107399,-0.0634343,0.0941633,10,0.5,0.66476
328,4243,1,0,1,0,-0.264539,-0.0829439,0.160775,0.0718214,-0.0470417,0.0525144,10,0.5,0.593748
329,4245,1,0,1,0,0.131288,0.0349155,0.0105063,-0.0527701,0.0735077,0.0540249,10,0.5,0.392925
330,4247,1,0,1,0,-0.0597838,-0.0610469,0.171727,0.0442896,-0.10373,-0.0931748,10,0.5,0.411854
331,4248,1,1,1,0,0.0701613,0.134875,-0.00561113,0.00672262,0.0735077,0.0213059,10,0.5,0.326996
332,4251,1,0,1,0,-0.0811159,0.0370861,-0.0940392,-0.13827,-0.0475079,-0.00561113,10,0.5,0.17128
333,4254,1,0,1,0,0.161501,0.0252698,0.0807381,0.0238125,0.0703892,0.0686572,10,0.5,0.507492
334,4255,1,1,1,0,0.0918836,-0.0527861,-0.0400209,-0.140292,-0.0986366,0.0217566,10,0.5,0.281151
335,4256,1,1,1,0,0.116464,-0.0621384,-0.0538557,-0.0309985,0.207166,-0.0424282,10,0.5,0.175825
336,4259,1,0,1,0,0.0574139,0.122197,0.0105063,0.0693332,-0.033265,-0.167751,10,0.5,0.0935272
337,4261,1,1,1,0,-0.126853,-0.0340899,0.171727,0.0325571,0.0370861,-0.061082,10,0.5,0.455179
338,4262,1,1,1,0,-0.0757814,-0.0527861,-0.211662,-0.264539,0.0252698,0.0873613,10,0.5,0.138002
339,4263,1,1,1,0,-0.229807,0.00529071,0.0181428,0.0397055,-0.0705341,0.204806,10,0.5,0.606788
340,4265,1,0,1,0,0.0847362,-0.12078,0.177815,-0.049584,-0.0236419,0.0181428,10,0.5,0.570351
341,4266,1,1,1,0,0.18978,-0.0625026,0.0119665,0.185671,-0.0610469,-0.00561113,10,0.5,0.314388
342,4267,1,0,1,0,-0.0494704,-0.172633,0.00460105,0.0346932,-0.12078,-0.00417058,10,0.5,0.306389
343,4268,1,0,1,0,-0.121037,-0.0625026,-0.0424282,0.000155982,-0.0340899,0.171727,10,0.5,0.480362
344,4270,1,0,1,0,0.0269239,-0.0470417,0.0181428,0.0701613,0.134875,0.030388,10,0.5,0.371325
345,4273,1,0,1,0,-0.0506013,-0.0634343,-0.0626328,-0.0811159,-0.172633,-0.0564613,10,0.5,0.145031
346,4274,1,1,1,0,-0.0992825,0.0546663,0.0873613,-0.229807,-0.0705341,0.0105063,10,0.5,0.437929
347,4277,1,0,1,0,0.0820233,0.200106,0.0540249,0.0979729,-0.0470417,0.0247203,10,0.5,0.412114
348,4278,1,1,1,0,0.0708506,-0.0527861,-0.00699485,-0.0107399,-0.0236419,0.0807381,10,0.5,0.405361
349,4279,1,1,1,0,-0.0679983,-0.0625026,-0.030454,-0.126853,-0.0236419,-0.114609,10,0.5,0.109973
350,4283,1,1,1,0,-0.0849979,0.200106,0.0525144,0.0754317,-0.059808,-0.00792649,10,0.5,0.366002
351,4285,1,0,1,0,-0.0188363,0.0482511,0.122192,-0.022657,-0.172633,-0.17565,10,0.5,0.23364
352,4288,1,1,1,0,0.0574139,0.00935752,-0.185606,-0.08627,-0.258217,-0.0739538,10,0.5,-0.0445981
353,4289,1,1,1,0,-0.0309985,0.00115449,-0.198843,0.0325571,-0.00872093,-0.00561113,10,0.5,0.0297946
354,4290,1,1,1,0,0.0352726,-0.055841,0.240331,0.18978,-0.0985847,0.204806,10,0.5,0.906742
355,4291,1,1,1,0,0.0693332,-0.0194284,0.0873613,-0.0597838,0.0872899,-0.0931748,10,0.5,0.29796
356,4292,1,0,1,0,0.0914493,-0.127416,-0.0424282,0.0701613,0.134875,-0.185606,10,0.5,-0.00203848
357,4293,1,1,1,0,0.0238125,-0.0621384,-0.061082,0.0453465,0.0872899,-0.00792649,10,0.5,0.212647
358,4295,1,1,1,0,0.0280758,-0.0298185,0.0540249,0.0918836,-0.100788,0.0686572,10,0.5,0.471429
359,4297,1,1,1,0,0.0397055,0.00935752,0.0140882,-0.0849979,0.0872899,0.0540249,10,0.5,0.397761
360,4299,1,1,1,0,-0.0597838,-0.0634339,0.171727,0.18978,-0.0985847,-0.203168,10,0.5,0.263363
361,4301,1,1,1,0,0.0914493,-0.0470417,0.117364,0.0776909,0.0771156,0.0549423,10,0.5,0.538421
362,4304,1,0,1,0,-0.0269403,-0.046093,-0.0215852,0.0754317,0.222485,-0.199015,10,0.5,0.00799839
363,4306,1,0,1,0,0.0398369,-0.0298185,-0.00699485,0.0816999,-0.0956569,0.0040247,10,0.5,0.301798
364,4307,1,1,1,0,-0.140292,-0.055841,0.0540249,0.0352726,-0.0298185,0.0409958,10,0.5,0.434086
365,4308,1,0,1,0,-0.0309985,0.169365,0.171453,-0.103138,-0.127416,-0.194866,10,0.5,0.2742
366,4311,1,0,1,0,0.0053598,-0.0239877,0.124066,0.0996125,0.0568084,-0.185606,10,0.5,0.222729
367,4314,1,0,1,0,0.0397055,0.192828,-0.0523462,-0.132379,-0.046093,-0.012028,10,0.5,0.218903
368,4315,1,1,1,0,0.131288,0.0370861,0.177815,-0.0494704,0.0349155,0.0213059,10,0.5,0.574621
369,4317,1,0,1,0,0.0574139,-0.172633,-0.17565,-0.0118814,0.0289936,-0.194866,10,0.5,-0.194389
370,4318,1,1,1,0,-0.022657,-0.0340899,0.179763,-0.174552,0.0919992,0.171453,10,0.5,0.779949
371,4319,1,0,1,0,-0.174552,0.0546663,0.192671,0.0563905,0.00935752,0.171727,10,0.5,0.797746
372,4320,1,1,1,0,-0.0136112,0.0754563,-0.034441,0.0238125,-0.0985847,0.0686572,10,0.5,0.352
373,4325,1,1,1,0,-0.126853,0.134875,0.105968,-0.0494704,-0.0281425,-0.073531,10,0.5,0.349598
374,4326,1,1,1,0,-0.140085,-0.0634343,0.0181194,-0.121037,-0.258217,-0.00955751,10,0.5,0.317367
375,4330,1,0,1,0,-0.264539,0.0252698,-0.0538557,-0.0992825,0.00258445,0.204806,10,0.5,0.50959
376,4332,1,0,1,0,-0.000311832,0.207166,0.0628915,-0.0811159,-0.127416,-0.17565,10,0.5,0.153584
377,4333,1,1,1,0,-0.19167,0.0424388,0.179763,-0.0904504,0.0531953,0.0247203,10,0.5,0.581861
378,4334,1,0,1,0,-0.022657,-0.172633,-0.129777,-0.0597838,-0.172633,0.140366,10,0.5,0.320103
379,4335,1,1,1,0,0.0352726,-0.055841,0.0105063,-0.126853,-0.0625026,0.0359381,10,0.5,0.368508
380,4337,1,1,1,0,0.0397055,0.0738515,-0.061082,-0.140292,-0.0634343,0.0105063,10,0.5,0.237531
381,4338,1,1,1,0,0.0820233,-0.055841,0.0540249,-0.13827,0.134875,0.177815,10,0.5,0.618792
382,4339,1,1,1,0,0.0352726,-0.00872093,-0.203168,-0.151191,0.134875,-0.00196361,10,0.5,0.0288799
383,4340,1,0,1,0,-0.000311832,-0.0470417,-0.0717985,-0.0309985,0.0771156,-0.034441,10,0.5,0.162385
384,4341,1,1,1,0,-0.0506013,-0.0610469,-0.0626328,-0.140085,0.0754563,-0.198843,10,0.5,-0.0471847
385,4343,1,1,1,0,0.185671,-0.0705341,-0.199015,0.0996125,-0.0625026,-0.141123,10,0.5,-0.153377
386,4344,1,0,1,0,0.0718214,0.0370861,0.122192,0.0979729,-0.157627,0.0247203,10,0.5,0.50414
387,4345,1,1,1,0,0.00672262,-0.0475079,0.105968,-0.132379,-0.0462286,0.0976818,10,0.5,0.580735
388,4347,1,0,1,0,0.0419184,-0.0527861,-0.141123,0.0442896,0.0738515,-0.0523462,10,0.5,0.0446251
389,4349,1,0,1,0,0.116464,0.0771156,0.0213059,0.0935869,-0.029499,0.0143608,10,0.5,0.353958
390,4352,1,0,1,0,0.136108,-0.0956569,0.0359381,-0.0849979,-0.055841,0.0941633,10,0.5,0.481445
391,4355,1,1,1,0,-0.0507314,-0.0610469,0.0213059,0.0453465,-0.0475079,-0.00699485,10,0.5,0.325128
392,4356,1,1,1,0,0.0918836,0.00935752,0.0643646,-0.0507314,0.134875,-0.269139,10,0.5,0.0293629
393,4357,1,1,1,0,-0.121037,0.0252698,0.0794922,-0.022657,0.00115449,0.030388,10,0.5,0.454146
394,4359,1,1,1,0,0.0419184,-0.10373,0.179763,0.0666119,-0.0298185,-0.00196361,10,0.5,0.545837
395,4362,1,1,1,0,0.116464,-0.0621384,-0.0538557,-0.140292,0.200106,0.105968,10,0.5,0.376159
396,4364,1,1,1,0,0.0993753,-0.0281425,0.0105063,-0.13827,-0.103491,0.177815,10,0.5,0.560042
397,4366,1,0,1,0,-0.0992825,-0.0634343,0.0181194,0.0935869,0.0872899,-0.141672,10,0.5,0.139012
398,4368,1,1,1,0,-0.140292,0.00115449,0.0105063,0.0397055,-0.10373,0.204806,10,0.5,0.596479
399,4369,1,0,1,0,0.116464,-0.029499,-0.141123,-0.000311832,0.0771156,-0.141672,10,0.5,-0.0759645
400,4370,1,0,1,0,-0.0992825,-0.0634343,-0.034441,0.0776909,-0.0956569,0.124066,10,0.5,0.426802
401,4373,1,0,1,0,-0.0811159,-0.127416,-0.17565,-0.0241653,-0.172633,-0.0564613,10,0.5,-0.00754227
402,4375,1,1,1,0,0.0419184,-0.0625026,-0.0424282,0.0453465,-0.029499,0.0976818,10,0.5,0.3804
403,4378,1,0,1,0,0.0979729,0.0919992,0.0143608,0.00672262,0.0531953,-0.0940392,10,0.5,0.198242
404,4382,1,0,1,0,0.00672262,-0.0621384,0.177815,0.0979729,-0.055841,-0.167751,10,0.5,0.319394
405,4384,1,1,1,0,-0.132379,-0.0281425,0.160775,0.0280758,0.0738515,-0.198843,10,0.5,0.254416
406,4385,1,1,1,0,-0.0309985,-0.0634343,0.0549423,-0.140292,-0.0705341,0.105968,10,0.5,0.523037
407,4389,1,0,1,0,0.0693332,-0.0985847,0.0619392,-0.08627,-0.0298185,0.0409958,10,0.5,0.44477
408,4391,1,0,1,0,-0.11086,-0.0829439,0.160775,-0.126853,-0.00872093,0.117364,10,0.5,0.681295
409,4393,1,0,1,0,0.0366108,0.207166,0.171453,-0.0350953,-0.0610469,0.0143608,10,0.5,0.556656
410,4394,1,0,1,0,0.0701613,-0.258217,0.192671,0.185671,0.192828,0.0462718,10,0.5,0.628381
411,4395,1,0,1,0,-0.0507314,0.00529071,0.0105063,0.0238125,-0.0705341,-0.061082,10,0.5,0.237531
412,4401,1,1,1,0,-0.000311832,-0.258217,0.0540249,-0.0241653,-0.172633,-0.012028,10,0.5,0.362504
413,4402,1,1,1,0,0.0979729,-0.0298185,0.0686572,0.0979729,-0.0470417,0.0247203,10,0.5,0.431868
414,4403,1,1,1,0,0.0311575,0.0180794,-0.019566,-0.126853,-0.0102681,0.0525144,10,0.5,0.350288
415,4406,1,0,1,0,-0.0269403,0.0352776,-0.0215852,0.0722867,-0.029499,-0.0940392,10,0.5,0.149715
416,4407,1,1,1,0,0.0346932,-0.12078,0.192671,0.0398369,-0.0298185,0.16514,10,0.5,0.788854
417,4410,1,1,1,0,-0.0118814,0.0919992,0.0105063,0.0238125,-0.0610469,0.0976818,10,0.5,0.451862
418,4412,1,0,1,0,0.136108,-0.033265,0.0359381,-0.121037,0.134875,0.171727,10,0.5,0.586156
419,4413,1,0,1,0,-0.181677,-0.0102681,0.14728,0.0979729,-0.12078,0.0976818,10,0.5,0.636506
420,4414,1,1,1,0,0.0574139,0.122197,-0.0717985,0.116464,0.0352776,0.179763,10,0.5,0.45156
421,4415,1,1,1,0,0.0918836,-0.172633,0.00460105,-0.0494704,0.00115449,0.0105063,10,0.5,0.326203
422,4417,1,0,1,0,0.0238125,-0.0621384,-0.00196361,0.0979729,-0.172633,-0.00792649,10,0.5,0.292456
423,4418,1,1,1,0,0.0708506,-0.055841,-0.0787145,0.0280758,0.0487256,-0.141123,10,0.5,0.00902791
424,4420,1,0,1,0,0.0563905,0.00935752,0.171727,0.0776909,-0.088774,0.0525144,10,0.5,0.608534
425,4421,1,0,1,0,0.0935869,0.0877409,0.105968,0.0366108,0.0352776,0.179763,10,0.5,0.691545
426,4422,1,1,1,0,-0.022657,0.169365,0.171727,-0.181677,-0.172633,0.140366,10,0.5,0.727134
427,4423,1,1,1,0,0.0397055,0.00935752,-0.141123,0.0419184,-0.046093,-0.141123,10,0.5,-0.075223
428,4424,1,0,1,0,-0.0679983,0.140383,0.0359381,-0.0811159,-0.0298185,0.0213059,10,0.5,0.383087
429,4425,1,0,1,0,-0.0867219,-0.0891997,-0.141123,0.0398369,-0.0298185,-0.00699485,10,0.5,0.105849
430,4426,1,1,1,0,-0.181677,-0.0340899,0.171727,-0.0309985,0.0735077,-0.071654,10,0.5,0.440907
431,4431,1,0,1,0,0.0352726,0.0370861,0.140366,0.18978,-0.10373,0.0119665,10,0.5,0.511457
432,4432,1,0,1,0,-0.000311832,0.134875,0.00460105,-0.0494704,-0.12078,-0.00792649,10,0.5,0.301319
433,4433,1,1,1,0,0.0847362,0.0370861,0.177815,-0.229807,-0.0705341,0.16514,10,0.5,0.768798
434,4438,1,1,1,0,-0.0757814,-0.0527861,0.0540249,0.0352726,-0.0298185,0.0409958,10,0.5,0.434086
435,4439,1,0,1,0,-0.0992825,-0.0447786,0.0181194,0.0996125,0.00935752,0.0359381,10,0.5,0.378786
436,4442,1,1,1,0,-0.13827,0.0568084,0.0140882,-0.151191,0.0252698,0.0873613,10,0.5,0.442765
437,4445,1,0,1,0,0.116464,0.0252698,0.0794922,-0.0904504,-0.0621384,-0.0739538,10,0.5,0.313285
438,4449,1,0,1,0,0.0269239,-0.088774,0.0619392,-0.103138,-0.0891997,0.127114,10,0.5,0.56103
439,4451,1,0,1,0,0.185671,-0.0815379,-0.269139,0.0918836,0.00935752,0.00460105,10,0.5,-0.0513179
440,4456,1,1,1,0,-0.0507314,-0.0610469,-0.199015,-0.0350953,-0.0815379,-0.0424282,10,0.5,-0.0201397
441,4458,1,0,1,0,0.0352726,-0.0470417,-0.019566,0.0053598,0.0352776,0.0976818,10,0.5,0.411264
442,4460,1,1,1,0,-0.0527701,-0.0298185,0.0540249,-0.0597838,0.140383,-0.061082,10,0.5,0.296281
443,4463,1,1,1,0,-0.0269403,-0.046093,-0.0215852,-0.08627,-0.0957347,0.171727,10,0.5,0.5085
444,4468,1,0,1,0,-0.121037,-0.103562,-0.141123,0.0280758,-0.00225835,-0.00955751,10,0.5,0.10239
445,4469,1,1,1,0,0.0776909,0.00529071,-0.0717985,0.0701613,-0.0470417,-0.0424282,10,0.5,0.151602
446,4470,1,1,1,0,-0.0269403,-0.046093,-0.0787145,-0.100691,-0.0891997,-0.0940392,10,0.5,0.0725905
447,4471,1,0,1,0,0.0701613,-0.0815379,0.00460105,0.000155982,-0.033265,-0.198843,10,0.5,0.0435811
448,4473,1,1,1,0,-0.0118814,-0.0314561,-0.185606,0.00672262,-0.0986366,-0.198843,10,0.5,-0.213199
449,4475,1,0,1,0,-0.0708674,0.0738515,0.171727,-0.0269403,-0.029499,0.0686572,10,0.5,0.630327
450,4476,1,0,1,0,0.0701613,0.134875,-0.00561113,-0.0507314,0.0703892,-0.00699485,10,0.5,0.28879
451,4477,1,0,1,0,0.0993753,0.200106,-0.0931748,0.00672262,-0.033265,0.0105063,10,0.5,0.194206
452,4480,1,0,1,0,0.0574139,-0.0610469,0.0105063,0.0754317,-0.059808,0.0105063,10,0.5,0.334175
453,4482,1,0,1,0,0.0280758,-0.0298185,-0.0424282,-0.140292,0.200106,0.0540249,10,0.5,0.321463
454,4483,1,1,1,0,-0.022657,-0.0298185,-0.141672,-0.0494704,-0.0957347,-0.00699485,10,0.5,0.105108
455,4485,1,1,1,0,-0.181677,0.0252698,-0.0174531,0.131288,-0.0391732,0.0941633,10,0.5,0.409367
456,4486,1,1,1,0,0.116464,0.0735077,-0.00955751,0.0979729,-0.0985847,0.0462718,10,0.5,0.355372
457,4488,1,1,1,0,-0.0679983,0.00935752,-0.141123,0.0693332,0.134875,-0.00196361,10,0.5,0.112642
458,4489,1,1,1,0,-0.000311832,-0.0470417,0.0525144,0.0979729,-0.12078,0.0976818,10,0.5,0.508573
459,4490,1,0,1,0,0.0574139,-0.172633,-0.17565,-0.000311832,-0.0957347,0.0976818,10,0.5,0.200551
460,4492,1,1,1,0,0.0847362,0.0370861,-0.0940392,0.0820233,-0.0104522,0.0686572,10,0.5,0.271542
461,4493,1,1,1,0,0.0701613,-0.258217,-0.0174531,0.0718214,-0.0391732,0.0525144,10,0.5,0.353141
462,4494,1,0,1,0,0.185671,-0.0625026,0.204806,-0.0309985,0.0352776,0.0119665,10,0.5,0.59845
463,4495,1,1,1,0,0.0754317,-0.0715264,0.0181428,0.0701613,-0.394149,-0.0739538,10,0.5,0.230463
464,4497,1,0,1,0,-0.0507314,0.0180794,-0.0717985,-0.0597838,-0.172633,-0.0931748,10,0.5,0.083094
465,4498,1,0,1,0,0.0914493,-0.0102681,0.117364,-0.0350953,0.0919992,-0.141672,10,0.5,0.272992
466,4504,1,0,1,0,-0.121037,0.169365,-0.0174531,0.116464,0.0703892,0.179763,10,0.5,0.524926
467,4505,1,0,1,0,-0.151191,0.0252698,-0.0174531,0.0918836,0.0370861,0.122126,10,0.5,0.447116
468,4507,1,0,1,0,-0.0188363,-0.0475079,-0.00417058,0.0847362,-0.0625026,-0.0424282,10,0.5,0.2429
469,4510,1,0,1,0,0.0442896,0.169365,-0.198843,-0.0867219,-0.103562,-0.114609,10,0.5,-0.117352
470,4511,1,0,1,0,-0.132379,-0.046093,0.0976818,-0.140292,0.200106,0.105968,10,0.5,0.580735
471,4512,1,0,1,0,0.0352726,-0.00872093,0.0105063,-0.0867219,0.0252698,0.140366,10,0.5,0.509485
472,4514,1,1,1,0,-0.0188363,0.134875,0.0540249,-0.022657,0.0424388,-0.0215852,10,0.5,0.349602
473,4516,1,0,1,0,-0.121037,-0.033265,-0.0523462,-0.0708674,-0.0634339,-0.00561113,10,0.5,0.227566
474,4517,1,0,1,0,0.0847362,-0.12078,-0.203168,0.0693332,0.207166,0.0619392,10,0.5,0.115149
475,4518,1,1,1,0,-0.140292,0.00115449,0.0105063,-0.173099,-0.0829439,0.160775,10,0.5,0.537038
476,4519,1,0,1,0,-0.140085,-0.12078,0.179763,-0.0507314,0.192828,-0.0174531,10,0.5,0.524926
477,4520,1,1,1,0,-0.0867219,0.169365,-0.141123,0.0269239,-0.029499,0.0619392,10,0.5,0.19891
478,4522,1,0,1,0,0.185671,-0.00585709,0.160775,0.109591,-0.0462286,0.122094,10,0.5,0.68768
479,4524,1,0,1,0,-0.000311832,0.134875,0.00460105,-0.0350953,0.0180794,-0.0424282,10,0.5,0.254741
480,4526,1,0,1,0,0.0914493,-0.0340899,0.177815,0.0816999,0.0754563,-0.0424282,10,0.5,0.48858
481,4530,1,0,1,0,0.0918836,0.00935752,-0.185606,-0.0507314,0.192828,-0.061082,10,0.5,-0.0272211
482,4531,1,0,1,0,0.0352726,0.192828,-0.019566,-0.0507314,-0.0298185,0.117364,10,0.5,0.437835
483,4533,1,0,1,0,0.0366108,0.134875,-0.00196361,0.0816999,-0.0470417,-0.0717985,10,0.5,0.206229
484,4537,1,1,1,0,-0.140292,0.200106,0.0105063,0.131288,-0.0829439,-0.0174531,10,0.5,0.29643
485,4539,1,0,1,0,-0.181677,-0.12078,-0.0538557,0.0311575,0.0180794,0.171453,10,0.5,0.464564
486,4540,1,1,1,0,0.0708506,-0.0621384,-0.00196361,0.0352726,-0.0715264,-0.034441,10,0.5,0.256662
487,4541,1,0,1,0,0.0754317,-0.0715264,0.0140882,0.131288,-0.055841,-0.0174531,10,0.5,0.301265
488,4542,1,0,1,0,0.0574139,-0.103491,-0.0436371,0.18978,-0.157627,0.0119665,10,0.5,0.263053
489,4543,1,1,1,0,0.0816999,-0.0625026,-0.141123,-0.0304611,-0.394149,0.0409958,10,0.5,0.170637
490,4544,1,1,1,0,-0.0507314,-0.0957347,0.124066,0.0693332,0.0531953,-0.0940392,10,0.5,0.346344
491,4548,1,1,1,0,-0.181677,-0.0102681,0.14728,-0.140085,-0.172633,-0.0538557,10,0.5,0.43193
492,4549,1,0,1,0,0.0816999,-0.029499,-0.0626328,0.0398369,0.0370861,0.177815,10,0.5,0.461304
493,4551,1,0,1,0,-0.000311832,-0.0102681,0.105968,0.0238125,-0.0391732,-0.00699485,10,0.5,0.439421
494,4552,1,1,1,0,0.0776909,0.00529071,0.0619392,0.0820233,-0.0239877,-0.073531,10,0.5,0.290159
495,4554,1,1,1,0,-0.0757814,-0.0527861,0.0540249,-0.149306,-0.0625026,-0.141123,10,0.5,0.188226
496,4556,1,1,1,0,-0.264539,-0.0829439,-0.141123,0.0693332,0.134875,0.127114,10,0.5,0.286897
497,4557,1,0,1,0,0.131288,0.0349155,0.030388,-0.19167,-0.226361,0.0359381,10,0.5,0.395348
498,4558,1,0,1,0,-0.132379,-0.046093,0.0976818,0.0280758,0.0531953,-0.0940392,10,0.5,0.310726
499,4560,1,1,1,0,-0.181677,0.134875,0.0409958,0.0722867,0.0370861,0.122126,10,0.5,0.526022
500,4561,1,0,1,0,-0.0309985,-0.0957347,-0.0463515,0.0238125,-0.0610469,0.124066,10,0.5,0.410723
501,4562,1,1,1,0,-0.0867219,-0.0891997,-0.141123,-0.140292,0.200106,-0.198843,10,0.5,-0.153146
502,4564,1,1,1,0,0.0708506,-0.029499,-0.141123,0.0979729,0.200106,0.0105063,10,0.5,0.129476
503,4568,1,0,1,0,-0.173099,0.0370861,0.0549423,-0.0309985,0.134875,-0.00196361,10,0.5,0.377329
504,4570,1,1,1,0,-0.126853,-0.0340899,-0.198843,0.0754317,-0.0986366,0.140366,10,0.5,0.226864
505,4574,1,1,1,0,-0.022657,0.0872899,-0.141672,0.0238125,-0.0610469,-0.0538557,10,0.5,0.0418459
506,4575,1,1,1,0,-0.140292,-0.0956569,0.0359381,0.161501,-0.0391732,0.0525144,10,0.5,0.425219
507,4576,1,1,1,0,0.0701613,0.134875,0.0040247,0.0847362,0.0546663,-0.0940392,10,0.5,0.184288
508,4577,1,0,1,0,-0.0309985,-0.0634343,-0.0538557,0.0280758,0.200106,0.0549423,10,0.5,0.307275
509,4578,1,1,1,0,-0.140085,-0.0610469,-0.17565,0.0708506,-0.046093,0.0976818,10,0.5,0.200551
510,4579,1,1,1,0,-0.0849979,0.0919992,0.0628915,-0.0849979,-0.258217,0.171727,10,0.5,0.622544
511,4580,1,1,1,0,0.0754317,-0.0715264,0.0217566,-0.181677,-0.0715264,-0.00699485,10,0.5,0.325736
512,4583,1,1,1,0,0.0352726,0.0370861,-0.0215852,-0.0529153,-0.029499,0.0213059,10,0.5,0.305431
513,4584,1,0,1,0,-0.264539,0.0252698,-0.0538557,-0.0597838,-0.0391732,0.177815,10,0.5,0.473153
514,4585,1,1,1,0,0.0914493,-0.0340899,-0.0787145,0.0701613,0.134875,0.0181428,10,0.5,0.224036
515,4586,1,1,1,0,0.0574139,-0.0610469,-0.0717985,-0.0597838,-0.0634343,-0.198843,10,0.5,-0.0595584
516,4592,1,0,1,0,0.0693332,-0.029499,0.177815,0.0453465,-0.088774,0.0181194,10,0.5,0.570319
517,4593,1,0,1,0,0.0979729,-0.12078,0.105968,0.0574139,0.00935752,-0.129777,10,0.5,0.273665
518,4594,1,1,1,0,-0.0506013,-0.157627,-0.061082,0.116464,0.0352776,0.0976818,10,0.5,0.355218
519,4595,1,0,1,0,0.0574139,-0.12078,0.179763,-0.140085,-0.0634343,-0.198843,10,0.5,0.28005
520,4598,1,0,1,0,0.0935869,-0.029499,0.127114,-0.0506013,-0.0986366,0.127114,10,0.5,0.649017
521,4599,1,1,1,0,0.0979729,-0.12078,0.105968,0.0996125,-0.0625026,0.0359381,10,0.5,0.497381
522,4603,1,0,1,0,-0.140292,-0.033265,-0.0931748,-0.0867219,0.0252698,0.140366,10,0.5,0.369516
523,4608,1,0,1,0,-0.19167,0.134875,0.0643646,-0.0118814,0.192828,-0.141672,10,0.5,0.201443
524,4611,1,0,1,0,-0.0188363,0.134875,-0.211662,0.161501,-0.0957347,0.0976818,10,0.5,0.151935
525,4613,1,1,1,0,-0.0506013,-0.0634343,-0.269139,0.0238125,0.134875,-0.114609,10,0.5,-0.212251
526,58,1,0,5,1,-0.133053,-0.0189033,-0.161984,0.0770801,-0.0821893,0.115798,10,0.5,0.211519
527,66,1,0,5,1,0.163664,-0.0485282,-0.071838,0.0146766,-0.0415117,0.0828993,10,0.5,0.293181
528,74,1,0,5,1,-0.142491,0.11298,0.255228,-0.013071,-0.025552,0.0754398,10,0.5,0.749095
529,461,1,1,5,1,0.0136341,0.220233,-0.161242,0.0603123,0.00920976,0.0461993,10,0.5,0.113295
530,501,1,0,5,1,-0.007017,-0.105822,-0.0426529,0.207441,0.141113,-0.111191,10,0.5,0.0579462
531,511,1,1,5,1,0.0146766,-0.0415117,-0.071838,-0.0713305,0.141113,0.250255,10,0.5,0.531912
532,577,1,0,5,1,0.0246516,0.0490755,-0.0682164,-0.0481635,-0.0911635,0.0461993,10,0.5,0.245995
533,578,1,1,5,1,-0.0189807,-0.135675,-0.148548,-0.0152196,0.224244,0.168776,10,0.5,0.306258
534,594,1,1,5,1,-0.013071,-0.025552,0.0754398,0.139244,-0.157533,0.0202016,10,0.5,0.413834
535,1389,1,1,4,1,-0.0200558,-0.0402064,0.0968828,-0.167266,0.0128031,-0.00821861,10,0.5,0.399787
536,1397,1,1,4,1,0.122559,0.249518,-0.0192994,-0.0154216,-0.0171881,-0.141379,10,0.5,0.0405113
537,1416,1,0,4,1,0.0480261,-0.126575,-0.0510403,0.138284,-0.0298841,0.0778165,10,0.5,0.310613
538,1417,1,1,4,1,0.187397,-0.164253,-0.120985,-0.110143,0.0357051,-0.161242,10,0.5,-0.134628
539,1438,1,0,4,1,0.0857303,0.249518,-0.0623271,-0.182257,-0.0614619,-0.088237,10,0.5,0.0550846
540,1439,1,0,4,1,0.145779,-0.0181191,-0.0210915,-0.132348,-0.0609888,-0.0990517,10,0.5,0.0989179
541,1442,1,0,4,1,-0.143827,-0.00890082,0.134435,0.00654112,-0.140083,0.225199,10,0.5,0.790226
542,1445,1,0,4,1,0.0035155,0.1193,0.0517887,-0.0186259,0.0649815,0.0388896,10,0.5,0.402689
543,1449,1,0,4,1,-0.104337,-0.126575,0.134435,-0.175847,-0.0298841,0.0778165,10,0.5,0.577864
544,1457,1,0,4,1,-0.0679866,-0.0453357,-0.10714,-0.00370088,0.00201291,0.229172,10,0.5,0.447867
545,1465,1,1,4,1,-0.0591228,-0.0300046,-0.148548,0.118507,-0.0402064,0.138056,10,0.5,0.256914
546,1493,1,0,4,1,0.122559,-0.0746135,-0.0728145,0.09822,-0.164253,0.0816146,10,0.5,0.284712
547,1495,1,1,4,1,0.0246516,0.0490755,0.0461993,-0.0605108,0.032041,-0.0192994,10,0.5,0.310791
548,1502,1,1,4,1,-0.0679866,-0.0171881,-0.0944905,0.00654112,-0.0644238,0.225199,10,0.5,0.460369
549,1530,1,1,4,1,0.035174,0.0625282,-0.000816835,-0.132348,-0.0609888,0.0754398,10,0.5,0.379555
550,1557,1,0,4,1,-0.175847,-0.1531,0.0936317,0.138284,0.0625282,-0.147232,10,0.5,0.1948
551,1574,1,0,4,1,-0.147735,-0.0916149,-0.121238,-0.182257,-0.0614619,-0.088237,10,0.5,-0.0298
552,1606,1,1,4,1,0.0246516,0.0490755,0.0103421,0.0770801,-0.0821893,0.115798,10,0.5,0.453786
553,1627,1,1,4,1,0.0035155,-0.0126852,0.0517887,-0.143827,-0.0108252,0.120689,10,0.5,0.520554
554,1641,1,1,4,1,-0.175847,-0.1531,0.0936317,0.118507,-0.140083,0.225199,10,0.5,0.731433
555,1645,1,0,4,1,0.0359457,-0.0689896,-0.0719159,-0.0228738,0.00407594,0.134435,10,0.5,0.362116
556,1647,1,0,4,1,0.150973,0.0215952,-0.0546855,-0.0481635,-0.0911635,0.129671,10,0.5,0.380078
557,1651,1,0,4,1,-0.0189807,-0.0300046,-0.148548,-0.110143,-0.0498718,-0.0111051,10,0.5,0.0419879
558,1678,1,0,4,1,-0.013071,0.11298,0.0754398,0.0319593,-0.063584,0.185154,10,0.5,0.647519
559,1685,1,1,4,1,0.0146766,-0.0485282,-0.071838,-0.265742,-0.0603278,-0.141379,10,0.5,-0.0351912
560,1687,1,1,4,1,0.150973,-0.0126852,0.0517887,-0.00946171,-0.0453357,0.253554,10,0.5,0.711998
561,1733,1,1,4,1,-0.241899,-0.0894994,0.136407,-0.154523,-0.0598911,-0.032709,10,0.5,0.421449
562,1737,1,0,4,1,-0.0189807,-0.135675,-0.148548,-0.136388,-0.0181191,0.0235708,10,0.5,0.0919522
563,1749,1,0,4,1,-0.133053,-0.0821893,0.115798,-0.0594853,0.0649815,0.0778165,10,0.5,0.551009
564,1753,1,0,4,1,0.122559,-0.154717,-0.0192994,-0.0152196,0.100931,0.168776,10,0.5,0.487412
565,1778,1,0,4,1,-0.013071,0.106166,0.160897,-0.013071,-0.025552,0.0754398,10,0.5,0.612567
566,1786,1,1,4,1,0.0857303,-0.105822,0.0429431,0.09822,0.0726051,-0.088237,10,0.5,0.206768
567,1791,1,1,4,1,0.118507,-0.0983248,0.0938894,0.0239406,-0.0575385,-0.148548,10,0.5,0.193274
568,1814,1,0,4,1,0.0506671,0.00201291,-0.0210915,0.0923455,-0.126575,0.0202016,10,0.5,0.270749
569,1816,1,1,4,1,0.0915603,-0.0402064,0.0968828,0.0239406,0.224244,0.0203349,10,0.5,0.44093
570,1862,1,1,4,1,-0.0408907,-0.164241,-0.0274662,-0.0408907,0.0621119,-0.272399,10,0.5,-0.160042
571,1875,1,0,4,1,0.0763438,-0.0595237,0.0805029,0.0239406,-0.107964,0.0203349,10,0.5,0.417328
572,1894,1,1,4,1,0.067792,-0.0683979,-0.0222759,-0.00370088,0.0128031,-0.00821861,10,0.5,0.228092
573,1900,1,0,4,1,0.138284,-0.0349627,-0.000816835,0.0359457,0.090375,-0.0628618,10,0.5,0.180277
574,1934,1,1,4,1,0.118507,-0.0983248,0.0938894,0.0239406,-0.0575385,0.0203349,10,0.5,0.436617
575,1935,1,0,4,1,0.000567866,-0.126575,-0.0510403,0.0461504,-0.0485282,0.0128704,10,0.5,0.217033
576,1936,1,0,4,1,0.0319593,0.150704,0.185154,0.163664,0.0447723,-0.071838,10,0.5,0.435307
577,1944,1,0,4,1,0.187397,-0.164253,-0.00108039,0.0146766,0.141113,0.250255,10,0.5,0.631066
578,1972,1,0,4,1,-0.143827,-0.164253,0.0816146,-0.00370088,0.0128031,0.229172,10,0.5,0.719843
579,1986,1,1,4,1,0.0035155,0.142389,0.0517887,-0.0117934,-0.0881064,0.0795334,10,0.5,0.461253
580,1997,1,1,4,1,0.073098,0.150704,0.0816146,0.0193468,0.0367933,0.163278,10,0.5,0.624896
581,2588,1,0,3,1,0.0603123,-0.0911635,-0.148548,0.197835,-0.0575385,0.168776,10,0.5,0.296048
582,2620,1,1,3,1,0.122559,0.249518,-0.0623271,0.0763438,0.0367933,-0.0451985,10,0.5,0.110109
583,2625,1,0,3,1,0.0239406,0.0215952,0.0203349,0.067792,-0.0683979,0.0754398,10,0.5,0.406002
584,2626,1,1,3,1,-0.0380867,-0.0614619,0.00190839,0.0770801,0.0625282,-0.147232,10,0.5,0.0550958
585,2627,1,1,3,1,0.117171,0.032041,0.0117934,-0.136388,-0.161213,-0.0426529,10,0.5,0.221692
586,2630,1,0,3,1,0.0813913,-0.154717,0.00190839,0.0246516,0.0142503,-0.0682164,10,0.5,0.170099
587,2632,1,1,3,1,-0.0713305,-0.107964,0.0203349,0.0193468,0.0367933,0.160897,10,0.5,0.530379
588,2633,1,1,3,1,0.073098,-0.0418183,-0.0719159,0.067792,-0.0881064,0.0454454,10,0.5,0.22808
589,2645,1,1,3,1,0.0763438,0.00201291,0.163278,-0.147735,-0.0689896,-0.0451985,10,0.5,0.438466
590,2647,1,0,3,1,-0.0679866,-0.0453357,-0.10714,-0.00678359,0.0404422,0.0865861,10,0.5,0.236691
591,2664,1,0,3,1,0.0923455,-0.0171881,0.0549822,-0.142491,0.11298,0.0202016,10,0.5,0.376033
592,2674,1,0,3,1,-0.0594853,-0.0453357,-0.199981,0.132164,0.249518,-0.0623271,10,0.5,-0.115169
593,2676,1,1,3,1,-0.106201,0.0682444,-0.0628618,0.0319593,0.0649815,0.0388896,10,0.5,0.231716
594,2680,1,1,3,1,0.187397,0.0649815,-0.0451985,-0.0605108,0.0621119,0.134435,10,0.5,0.396486
595,2693,1,1,3,1,0.0436873,0.0361408,0.118091,-0.0713305,0.0141558,0.250255,10,0.5,0.802716
596,2717,1,1,3,1,0.163664,-0.0983248,0.0938894,0.163664,0.0128031,0.229172,10,0.5,0.736806
597,2722,1,0,3,1,0.118507,-0.021996,-0.02625,0.150973,0.00201291,0.229172,10,0.5,0.56195
598,2723,1,0,3,1,-0.0594853,-0.0171881,0.0778165,0.118507,-0.0983248,0.0189923,10,0.5,0.407507
599,2730,1,0,3,1,0.0923455,-0.126575,0.0202016,-0.013071,0.249518,0.0968828,10,0.5,0.437017
600,2752,1,1,3,1,0.0813913,0.100931,0.129671,0.132164,0.090375,-0.0719159,10,0.5,0.350666
601,2755,1,0,3,1,-0.00370088,0.00920976,0.163278,-0.00370088,0.00201291,0.229172,10,0.5,0.837798
602,2756,1,0,3,1,0.138284,-0.0191942,-0.000816835,0.0246516,0.0357051,-0.0111051,10,0.5,0.249255
603,2760,1,1,3,1,-0.013071,0.11298,0.104988,0.138284,0.0625282,0.185154,10,0.5,0.688892
604,2771,1,1,3,1,-0.0380867,0.0726051,0.0103421,0.187397,0.100168,0.250255,10,0.5,0.645892
605,2775,1,0,3,1,0.09822,-0.164253,0.0816146,0.0351053,0.249518,0.0923917,10,0.5,0.519864
606,2790,1,0,3,1,0.10863,-0.0609888,-0.0990517,0.118507,-0.0983248,0.0938894,10,0.5,0.259093
607,2802,1,1,3,1,-0.0594853,-0.154717,-0.0451985,-0.241899,0.0625282,0.0923917,10,0.5,0.335294
608,2816,1,1,3,1,0.197835,-0.154717,-0.0192994,-0.0605108,0.0621119,0.134435,10,0.5,0.434181
609,2819,1,1,3,1,0.122559,-0.105822,0.160897,0.132164,-0.0689896,-0.0719159,10,0.5,0.396113
610,2820,1,0,3,1,0.035174,-0.0894994,0.136407,0.10863,-0.0126852,0.129671,10,0.5,0.653869
611,2821,1,0,3,1,0.207441,0.141113,-0.111191,0.0246516,0.0357051,-0.0111051,10,0.5,0.0886106
612,2837,1,0,3,1,-0.0481635,0.0404422,0.0517887,0.0603123,-0.0453357,0.0461993,10,0.5,0.409223
613,2846,1,0,3,1,-0.106201,-0.107964,-0.199981,0.0398897,-0.0746135,-0.0820825,10,0.5,-0.143922
614,2848,1,1,3,1,-0.142491,-0.0349627,0.0754398,-0.117828,-0.0189033,-0.0630294,10,0.5,0.284669
615,2856,1,0,3,1,-0.132348,-0.140083,0.225199,-0.013071,0.0142503,-0.0682164,10,0.5,0.495086
616,2858,1,0,3,1,0.0239406,-0.0609888,0.104988,-0.237192,0.0141558,0.118091,10,0.5,0.591286
617,2859,1,0,3,1,-0.265742,-0.0498718,-0.111191,0.0319593,0.00407594,0.250255,10,0.5,0.469007
618,2865,1,1,3,1,-0.241899,0.0447723,0.0128704,0.150973,0.0215952,0.0754398,10,0.5,0.395137
619,2882,1,0,3,1,-0.132348,0.11298,0.104988,0.0480261,0.0215952,-0.0510403,10,0.5,0.345124
620,2883,1,1,3,1,-0.0591228,0.11298,0.104988,-0.0189807,0.0357051,-0.0111051,10,0.5,0.403247
621,2886,1,0,3,1,0.145779,-0.0453357,-0.0210915,-0.0322992,-0.0746135,0.0394251,10,0.5,0.29329
622,2889,1,1,3,1,0.0136341,-0.0349627,-0.147232,0.187397,0.0141558,0.250255,10,0.5,0.416552
623,2897,1,1,3,1,-0.133053,-0.0821893,-0.161984,0.0603123,0.00920976,-0.161242,10,0.5,-0.203832
624,2898,1,0,3,1,-0.104337,-0.164253,0.0816146,-0.0605108,0.0490755,0.0461993,10,0.5,0.452633
625,2908,1,0,3,1,-0.104337,-0.00890082,0.134435,0.0603123,-0.0911635,-0.0944905,10,0.5,0.324744
626,2912,1,0,3,1,-0.0594853,0.090375,-0.0451985,0.138284,-0.0349627,-0.147232,10,0.5,-0.0134658
627,2915,1,1,3,1,0.073098,-0.0418183,-0.0111051,-0.143827,0.0621119,0.134435,10,0.5,0.446107
628,2930,1,0,3,1,-0.117828,0.0905621,0.136407,-0.132348,-0.0609888,-0.000816835,10,0.5,0.463951
629,2940,1,0,3,1,-0.0200558,-0.0402064,0.0202016,0.09822,0.00201291,-0.088237,10,0.5,0.167584
630,2945,1,0,3,1,0.073098,0.00562195,0.138056,0.0193468,0.0367933,0.0816146,10,0.5,0.586326
631,2947,1,1,3,1,0.0923455,-0.0402064,0.0968828,0.117171,-0.0746135,-0.272399,10,0.5,0.0111518
632,2955,1,0,3,1,0.0436873,-0.0169254,0.0652566,0.0239406,-0.025552,0.255228,10,0.5,0.733055
633,2959,1,1,3,1,-0.0189807,-0.135675,-0.148548,-0.182257,0.150704,0.0394251,10,0.5,0.107783
634,2967,1,1,3,1,0.0770801,-0.0821893,0.0923917,0.0136341,0.220233,-0.161242,10,0.5,0.166398
635,2979,1,1,3,1,0.0770801,0.100168,0.115798,0.0351053,-0.063584,0.0923917,10,0.5,0.569616
636,2996,1,1,3,1,0.0603123,-0.021996,0.138056,0.0239406,-0.025552,0.0923917,10,0.5,0.602012
637,3001,1,1,3,1,0.118507,-0.0189033,0.115798,-0.0154216,-0.0191942,0.136407,10,0.5,0.633678
638,3008,1,1,3,1,0.138284,-0.0498718,-0.0990517,0.035174,-0.154717,0.250255,10,0.5,0.486675
639,3019,1,1,3,1,-0.0117934,0.0905621,-0.0682164,0.0923455,0.0905621,0.141517,10,0.5,0.373291
640,3029,1,0,3,1,0.0319593,-0.0911635,-0.199981,0.000567866,-0.126575,0.134435,10,0.5,0.171209
641,3031,1,0,3,1,0.10863,0.100168,-0.111191,-0.110143,0.0357051,0.160897,10,0.5,0.33895
642,3032,1,1,3,1,-0.136388,0.224244,0.0816146,0.163664,-0.0415117,0.0828993,10,0.5,0.506048
643,3044,1,0,3,1,0.118507,-0.0189033,0.115798,0.138284,-0.0349627,0.0778165,10,0.5,0.548402
644,3045,1,0,3,1,0.0035155,0.0649815,0.0517887,-0.132348,-0.0609888,-0.0990517,10,0.5,0.197818
645,3046,1,1,3,1,-0.147735,-0.0595237,0.163278,0.0359457,-0.0171881,0.141517,10,0.5,0.71022
646,3050,1,0,3,1,0.122559,0.0357051,0.0429431,0.150973,0.0215952,0.129671,10,0.5,0.517837
647,3055,1,0,3,1,-0.0189807,-0.135675,0.0235708,-0.241899,0.0625282,-0.147232,10,0.5,0.0866243
648,3059,1,0,3,1,-0.0594853,-0.0171881,0.229172,-0.0322992,0.00407594,-0.0728145,10,0.5,0.494177
649,3070,1,1,3,1,0.0923455,-0.0402064,0.0968828,0.0359457,0.220233,-0.00821861,10,0.5,0.395653
650,3077,1,0,3,1,0.0239406,-0.0418183,-0.197749,0.118507,0.106166,0.160897,10,0.5,0.21297
651,3078,1,0,3,1,0.187397,-0.154717,-0.00108039,0.132164,0.090375,-0.0719159,10,0.5,0.160364
652,3080,1,0,3,1,0.0923455,0.00201291,-0.0210915,-0.013071,0.0215952,-0.0510403,10,0.5,0.161622
653,3088,1,1,3,1,0.0770801,-0.0983248,-0.161984,-0.00678359,0.0490755,-0.0630294,10,0.5,-0.0608884
654,3093,1,1,3,1,0.0436873,0.0361408,0.118091,0.0461504,-0.0126852,0.0517887,10,0.5,0.513858
655,3098,1,1,3,1,-0.0322992,-0.0821893,0.115798,0.139244,0.032041,0.0754398,10,0.5,0.544943
656,3110,1,1,3,1,-0.0117934,0.0905621,0.0938894,-0.0605108,-0.135511,-0.0815791,10,0.5,0.284523
657,3115,1,1,3,1,0.000567866,-0.194257,-0.0510403,-0.00946171,-0.0694389,-0.0274662,10,0.5,0.152344
658,3119,1,1,3,1,-0.142153,-0.164253,0.0549822,0.0398897,0.0206405,-0.0820825,10,0.5,0.227163
659,3131,1,0,3,1,0.0480261,-0.0374172,0.147107,0.0813913,-0.0418183,0.00190839,10,0.5,0.483491
660,3139,1,0,3,1,0.0136341,0.220233,0.0461993,-0.0594853,0.090375,-0.0451985,10,0.5,0.268063
661,3143,1,0,3,1,0.118507,-0.0402064,-0.02625,0.0193468,0.0361408,0.0938894,10,0.5,0.365052
662,3153,1,1,3,1,-0.0189807,-0.135675,-0.148548,0.187397,0.0357051,-0.120985,10,0.5,-0.125685
663,3158,1,0,3,1,-0.117828,0.0490755,-0.0274662,0.0136341,0.220233,0.134435,10,0.5,0.422295
664,3165,1,1,3,1,0.145779,-0.0181191,-0.0210915,-0.0154216,-0.0191942,0.103205,10,0.5,0.386119
665,3166,1,0,3,1,0.0359457,0.090375,-0.088237,-0.0117934,0.142389,0.0517887,10,0.5,0.213558
666,3655,1,0,2,1,0.0319593,-0.063584,0.0754398,0.0146766,-0.140083,0.250255,10,0.5,0.739947
667,3656,1,0,2,1,0.0506671,-0.0349627,0.0778165,-0.0322992,-0.0894994,0.136407,10,0.5,0.576067
668,3657,1,1,2,1,-0.007017,0.141113,-0.0426529,0.132164,-0.0694389,0.129671,10,0.5,0.389056
669,3660,1,1,2,1,0.000567866,0.00407594,0.185154,0.073098,-0.063584,0.0923917,10,0.5,0.66916
670,3661,1,0,2,1,0.0436873,-0.0689896,-0.0451985,0.067792,-0.0126852,-0.032709,10,0.5,0.146591
671,3665,1,0,2,1,-0.00678359,-0.0453357,0.0865861,0.0603123,-0.0821893,-0.161242,10,0.5,0.151371
672,3670,1,0,2,1,-0.0199934,0.0144455,-0.0274662,-0.0679866,-0.0453357,-0.10714,10,0.5,0.063235
673,3672,1,0,2,1,0.0763438,0.00920976,0.141517,-0.0152196,-0.0575385,0.168776,10,0.5,0.717304
674,3673,1,0,2,1,0.067792,0.0667764,0.0203349,0.132164,0.090375,-0.0719159,10,0.5,0.185295
675,3674,1,0,2,1,-0.237192,0.106166,0.160897,-0.0200558,-0.161213,0.124873,10,0.5,0.68125
676,3677,1,0,2,1,0.163664,-0.0415117,0.00190839,-0.241899,-0.0689896,-0.0510403,10,0.5,0.188895
677,3683,1,1,2,1,-0.0148593,-0.0983248,0.0938894,-0.104337,-0.0126852,0.120689,10,0.5,0.576589
678,3685,1,0,2,1,0.0398897,0.220233,-0.0628618,-0.106201,0.0682444,0.0388896,10,0.5,0.225884
679,3690,1,0,2,1,-0.0408907,-0.0374172,-0.0990517,-0.142491,-0.0349627,0.0754398,10,0.5,0.226413
680,3694,1,0,2,1,0.0146766,-0.0415117,0.0828993,0.138284,-0.0498718,0.185154,10,0.5,0.655205
681,3700,1,1,2,1,0.0239406,-0.0609888,0.104988,0.00227429,-0.0374172,-0.0274662,10,0.5,0.375095
682,3703,1,1,2,1,-0.182257,-0.0916149,-0.121238,-0.110143,-0.164253,-0.120985,10,0.5,-0.0949777
683,3706,1,1,2,1,0.0239406,0.0141558,0.104988,0.0461504,0.220233,0.250255,10,0.5,0.783386
684,3710,1,0,2,1,-0.0200558,-0.0189033,0.115798,-0.142491,0.032041,0.14408,10,0.5,0.643185
685,3712,1,0,2,1,-0.104337,-0.0911635,-0.0944905,0.187397,-0.0349627,0.250255,10,0.5,0.490124
686,3713,1,1,2,1,0.0480261,0.0215952,-0.0510403,0.0770801,0.00920976,0.0461993,10,0.5,0.254009
687,3714,1,1,2,1,-0.175847,-0.1531,-0.147232,-0.0200558,-0.0298841,-0.147232,10,0.5,-0.171779
688,3719,1,1,2,1,0.118507,0.0357051,-0.02625,0.117171,-0.0298841,0.0778165,10,0.5,0.336937
689,3725,1,1,2,1,0.150973,-0.0374172,0.0517887,0.073098,-0.0644238,-0.0192994,10,0.5,0.308891
690,3726,1,1,2,1,0.0813913,-0.0418183,0.00190839,0.0603123,-0.0755991,-0.0546855,10,0.5,0.183536
691,3730,1,1,2,1,-0.013071,-0.025552,0.0754398,-0.132348,0.0142503,-0.0682164,10,0.5,0.271746
692,3731,1,0,2,1,0.00654112,-0.140083,0.0982157,0.0193468,0.0361408,0.0938894,10,0.5,0.54355
693,3735,1,0,2,1,0.0239406,-0.0575385,0.0103421,-0.167266,-0.0402064,0.0968828,10,0.5,0.418763
694,3738,1,0,2,1,0.0480261,-0.0911635,0.253554,-0.241899,0.0215952,0.0128704,10,0.5,0.65281
695,3739,1,0,2,1,-0.013071,0.11298,0.104988,0.10863,0.0142503,0.0968828,10,0.5,0.557906
696,3745,1,1,2,1,-0.0663836,-0.0609888,0.141517,0.132164,0.090375,0.253554,10,0.5,0.841939
697,3746,1,1,2,1,0.0136341,0.0447723,-0.00821861,0.145779,-0.0181191,0.103205,10,0.5,0.400771
698,3747,1,1,2,1,0.0506671,-0.0181191,-0.0210915,-0.0594853,-0.0821893,-0.0510403,10,0.5,0.155082
699,3750,1,0,2,1,0.0193468,0.0361408,0.0816146,0.10863,0.0667764,-0.121238,10,0.5,0.202874
700,3751,1,0,2,1,0.138284,-0.0498718,0.185154,-0.175847,-0.0349627,0.0778165,10,0.5,0.647732
701,3752,1,1,2,1,0.0813913,-0.0614619,-0.088237,-0.142153,-0.164253,0.0549822,10,0.5,0.212237
702,3754,1,1,2,1,-0.132348,0.0905621,0.136407,0.0319593,0.141113,-0.0451985,10,0.5,0.395217
703,3757,1,0,2,1,0.0239406,-0.0575385,0.0938894,-0.00678359,-0.122982,-0.147232,10,0.5,0.182705
704,3768,1,0,2,1,0.000567866,-0.126575,0.0128704,-0.241899,-0.0598911,0.136407,10,0.5,0.480586
705,3769,1,1,2,1,-0.0200558,-0.0402064,0.14408,0.00614119,0.090375,-0.0719159,10,0.5,0.367218
706,3770,1,1,2,1,0.09822,0.0142503,-0.0451985,0.0331077,-0.0298841,0.0936317,10,0.5,0.332331
707,3773,1,0,2,1,0.197835,0.032041,-0.0815791,-0.143827,-0.164253,0.0202016,10,0.5,0.170892
708,3780,1,0,2,1,-0.0605108,0.0490755,0.0461993,0.0923455,-0.0498718,0.0202016,10,0.5,0.358746
709,3781,1,0,2,1,-0.0152196,0.0726051,0.0816146,0.0035155,-0.0298841,0.0938894,10,0.5,0.519144
710,3783,1,1,2,1,-0.007017,-0.105822,-0.0426529,-0.0594853,-0.0609888,-0.199981,10,0.5,-0.0955812
711,3786,1,0,2,1,0.138284,-0.0349627,-0.0451985,0.0857303,-0.0402064,-0.0426529,10,0.5,0.131972
712,3788,1,1,2,1,0.00654112,0.032041,0.0936317,-0.0148593,-0.0689896,-0.000816835,10,0.5,0.397578
713,3800,1,1,2,1,-0.0189807,0.0625282,0.0235708,0.0506671,-0.161213,0.0235708,10,0.5,0.330432
714,3803,1,0,2,1,-0.013071,0.11298,0.104988,0.207441,-0.0418183,-0.0944905,10,0.5,0.276559
715,3806,1,0,2,1,-0.136388,-0.0402064,0.0203349,0.0246516,-0.126575,-0.0682164,10,0.5,0.190734
716,3808,1,0,2,1,-0.110143,-0.0498718,-0.0111051,0.067792,-0.0126852,0.0128704,10,0.5,0.263722
717,3809,1,1,2,1,0.073098,-0.0418183,-0.120985,0.0461504,-0.161213,-0.00821861,10,0.5,0.071178
718,3810,1,0,2,1,0.207441,0.141113,-0.0111051,-0.0481635,0.00920976,-0.0222759,10,0.5,0.212051
719,3812,1,0,2,1,-0.0228738,-0.0689896,0.134435,-0.136388,-0.161213,0.0235708,10,0.5,0.493419
720,3816,1,1,2,1,0.0319593,0.00407594,-0.0451985,0.0246516,0.141113,-0.111191,10,0.5,0.0312104
721,3817,1,1,2,1,-0.013071,-0.025552,0.0754398,0.163664,0.220233,-0.00821861,10,0.5,0.359952
722,3821,1,0,2,1,0.0923455,-0.0171881,0.14408,0.035174,-0.0108252,0.120689,10,0.5,0.650376
723,3822,1,1,2,1,-0.0481635,-0.0453357,0.0461993,-0.182257,0.0357051,0.160897,10,0.5,0.565588
724,3824,1,0,2,1,-0.265742,0.00407594,-0.111191,0.0239406,0.0625282,0.168776,10,0.5,0.345786
725,3828,1,1,2,1,0.0246516,0.0142503,0.0103421,-0.0183403,0.11298,0.104988,10,0.5,0.430678
726,3832,1,0,2,1,0.0351053,-0.0418183,0.0816146,0.0351053,0.249518,0.0816146,10,0.5,0.501098
727,3835,1,0,2,1,0.073098,-0.135675,0.0816146,0.0770801,-0.0189033,-0.161984,10,0.5,0.142972
728,3836,1,1,2,1,0.163664,-0.0485282,-0.0426529,0.00654112,-0.0171881,-0.0990517,10,0.5,0.0527994
729,3837,1,1,2,1,0.0193468,0.0361408,0.0155895,-0.104337,-0.0298841,0.134435,10,0.5,0.481686
730,3839,1,1,2,1,0.0359457,0.00407594,-0.0719159,0.0857303,0.0726051,-0.088237,10,0.5,0.0256776
731,3848,1,0,2,1,0.122559,-0.0689896,-0.0623271,-0.147735,0.0357051,0.0938894,10,0.5,0.307528
732,3849,1,1,2,1,0.073098,0.0141558,-0.0719159,-0.0189807,-0.135675,-0.148548,10,0.5,-0.0629889
733,3855,1,1,2,1,-0.0189807,-0.0498718,-0.148548,0.10863,-0.0694389,-0.0990517,10,0.5,-0.102883
734,3857,1,0,2,1,-0.0594853,-0.0453357,-0.0623271,-0.154523,-0.0598911,0.136407,10,0.5,0.370035
735,3874,1,1,2,1,-0.0408907,0.0144455,-0.0274662,0.0857303,0.0726051,-0.088237,10,0.5,0.0910254
736,3893,1,1,2,1,0.118507,-0.107964,-0.0944905,0.0480261,-0.0453357,0.253554,10,0.5,0.494973
737,3906,1,1,2,1,0.197835,-0.0575385,-0.148548,-0.0186259,0.0649815,-0.197749,10,0.5,-0.247982
738,3910,1,0,2,1,0.0239406,-0.0609888,0.118091,-0.0200558,-0.0402064,-0.000816835,10,0.5,0.433538
739,3912,1,0,2,1,0.150973,-0.0911635,-0.0546855,0.122559,-0.063584,-0.197749,10,0.5,-0.10999
740,3917,1,1,2,1,-0.0408907,-0.0983248,-0.0990517,-0.182257,0.150704,0.160897,10,0.5,0.352048
741,3924,1,0,2,1,0.122559,0.0667764,0.160897,0.0461504,0.100168,0.250255,10,0.5,0.865581
742,3925,1,0,2,1,0.0239406,-0.025552,0.0203349,-0.110143,-0.164253,-0.161242,10,0.5,0.0539713
743,3926,1,1,2,1,0.187397,-0.154717,-0.00108039,-0.265742,-0.135675,-0.121982,10,0.5,0.0802066
744,3932,1,0,2,1,-0.0322992,-0.0689896,-0.0719159,0.0146766,-0.0485282,-0.071838,10,0.5,0.0497867
745,3934,1,0,2,1,0.0035155,-0.0108252,-0.000816835,0.035174,0.0625282,-0.000816835,10,0.5,0.258725
746,3939,1,1,2,1,-0.143827,0.0142503,-0.0682164,0.0857303,-0.105822,0.138056,10,0.5,0.363802
747,3940,1,0,2,1,-0.00370088,-0.025552,-0.0546855,-0.133053,-0.0189033,-0.148548,10,0.5,-0.0376577
748,3942,1,0,2,1,-0.0713305,-0.0746135,-0.0820825,-0.142491,0.032041,0.136407,10,0.5,0.340991
749,3948,1,1,2,1,0.073098,0.0367933,0.0816146,-0.0594853,-0.0614619,-0.199981,10,0.5,0.0871107
750,3949,1,0,2,1,0.0246516,0.0142503,0.00190839,-0.0481635,0.220233,0.129671,10,0.5,0.454568
751,3950,1,0,2,1,-0.132348,-0.0689896,0.14408,0.0331077,-0.0595237,0.0936317,10,0.5,0.610598
752,3953,1,0,2,1,0.0480261,0.00201291,0.229172,0.122559,-0.0614619,0.0394251,10,0.5,0.656005
753,3954,1,1,2,1,-0.237192,-0.0402064,0.118091,0.187397,0.100168,0.0103421,10,0.5,0.449943
754,3957,1,0,2,1,0.067792,0.0667764,-0.0990517,-0.142153,-0.164253,-0.0820825,10,0.5,-0.00516793
755,3966,1,1,2,1,0.000567866,-0.025552,0.0203349,0.138284,0.1193,0.0517887,10,0.5,0.367159
756,3969,1,1,2,1,0.073098,0.00562195,0.0816146,-0.104337,-0.0108252,0.134435,10,0.5,0.578753
757,3970,1,0,2,1,0.0359457,-0.0746135,-0.0451985,0.035174,-0.0609888,0.0754398,10,0.5,0.305586
758,3974,1,1,2,1,0.00227429,-0.0575385,-0.0258924,0.0603123,-0.025552,0.0923917,10,0.5,0.35889
759,3975,1,1,2,1,-0.013071,0.11298,0.14408,-0.00946171,0.0447723,0.14408,10,0.5,0.684764
760,3984,1,1,2,1,-0.0591228,-0.135675,-0.121982,-0.147735,-0.0689896,-0.0451985,10,0.5,0.0153464
761,3988,1,0,2,1,-0.0117934,0.090375,-0.088237,0.073098,-0.0644238,0.0923917,10,0.5,0.267234
762,3989,1,1,2,1,-0.00370088,-0.164253,0.0816146,0.0770801,-0.063584,0.0923917,10,0.5,0.516942
763,3999,1,0,2,1,-0.0199934,-0.164241,-0.0274662,0.117171,-0.122982,-0.147232,10,0.5,0.00429435
764,4000,1,1,2,1,-0.142491,-0.025552,0.0754398,0.0480261,-0.0402064,0.138056,10,0.5,0.574998
765,4001,1,0,2,1,0.0319593,0.141113,-0.147232,-0.117828,0.0144455,-0.111191,10,0.5,-0.118794
766,4013,1,0,2,1,-0.0481635,0.0404422,0.0517887,0.0246516,-0.0300046,-0.161984,10,0.5,0.0991234
767,4018,1,0,2,1,0.0193468,0.00201291,0.0816146,-0.132348,-0.0609888,0.0754398,10,0.5,0.49202
768,4022,1,1,2,1,0.09822,-0.0689896,-0.272399,0.0461504,0.100168,0.250255,10,0.5,0.228572
769,4023,1,0,2,1,0.0770801,-0.0189033,0.138056,-0.013071,-0.025552,0.185154,10,0.5,0.736294
770,4025,1,1,2,1,0.118507,-0.021996,0.229172,0.0480261,-0.0453357,0.253554,10,0.5,0.970806
771,4027,1,1,2,1,0.0136341,0.220233,0.0461993,0.073098,0.224244,-0.0944905,10,0.5,0.190131
772,4040,1,1,2,1,-0.241899,-0.135675,0.0235708,0.0436873,-0.0126852,0.0517887,10,0.5,0.371916
773,4043,1,0,2,1,0.0239406,-0.0575385,0.0938894,0.073098,-0.0418183,-0.197749,10,0.5,0.108437
774,4046,1,1,2,1,-0.143827,-0.140083,0.134435,-0.136388,-0.1531,-0.0510403,10,0.5,0.38373
775,4050,1,0,2,1,-0.0594853,0.0649815,0.115798,-0.00370088,-0.140083,0.163278,10,0.5,0.67141
776,4052,1,0,2,1,0.0331077,-0.0916149,0.0938894,-0.0663836,-0.0609888,-0.0623271,10,0.5,0.307528
777,4053,1,0,2,1,0.00654112,-0.0644238,-0.0192994,0.132164,-0.0349627,-0.000816835,10,0.5,0.231553
778,4059,1,0,2,1,0.436596,-0.0418183,-0.120985,0.0603123,-0.0171881,0.141517,10,0.5,0.291311
779,4061,1,0,2,1,0.0603123,-0.0453357,-0.088237,-0.241899,-0.0821893,0.115798,10,0.5,0.301645
780,4062,1,0,2,1,-0.00946171,-0.0498718,-0.0274662,0.0905526,0.0367933,0.163278,10,0.5,0.460791
781,4069,1,1,2,1,-0.0594853,0.0682444,0.168776,0.132164,0.0367933,-0.0477235,10,0.5,0.439092
782,4070,1,1,2,1,-0.0154216,0.0215952,-0.102412,0.10863,-0.164253,0.0202016,10,0.5,0.140265
783,4075,1,0,2,1,-0.0594853,-0.0453357,-0.0623271,-0.00946171,-0.0453357,0.141517,10,0.5,0.377547
784,4079,1,1,2,1,-0.0380867,0.00562195,0.225199,0.0857303,0.00407594,0.0429431,10,0.5,0.655335
785,4085,1,0,2,1,0.150973,0.0215952,0.129671,0.163664,-0.0415117,0.0828993,10,0.5,0.573637
786,4088,1,0,2,1,-0.0663836,0.0142503,-0.0682164,0.0246516,0.032041,0.0461993,10,0.5,0.228758
787,4089,1,0,2,1,0.0923455,-0.126575,0.0968828,-0.0679866,-0.0689896,0.14408,10,0.5,0.615378
788,4092,1,0,2,1,0.0603123,0.0404422,0.0517887,0.163664,0.206466,0.0828993,10,0.5,0.459138
789,4094,1,0,2,1,-0.00678359,-0.0453357,0.0865861,-0.175847,-0.0349627,0.0778165,10,0.5,0.502823
790,4100,1,1,2,1,0.0359457,-0.0689896,-0.0820825,-0.0679866,0.100168,0.250255,10,0.5,0.508365
791,4102,1,1,2,1,-0.133053,0.0649815,0.0778165,0.122559,-0.0498718,-0.0623271,10,0.5,0.283898
792,4109,1,1,2,1,0.00654112,0.0682444,-0.0192994,-0.117828,-0.0485282,-0.111191,10,0.5,0.0692859
793,4113,1,0,2,1,-0.0713305,0.0141558,0.250255,0.0239406,-0.025552,0.0202016,10,0.5,0.658738
794,4116,1,1,2,1,-0.132348,0.090375,-0.0451985,-0.132348,-0.0689896,-0.0451985,10,0.5,0.128229
795,4123,1,1,2,1,0.163664,-0.0689896,-0.0451985,-0.237192,-0.116443,0.229172,10,0.5,0.531596
796,4124,1,0,2,1,-0.0605108,-0.0191942,0.0936317,0.0603123,-0.0485282,-0.0510403,10,0.5,0.323742
797,4126,1,0,2,1,-0.0322992,-0.0689896,-0.0728145,-0.154523,0.0142503,-0.032709,10,0.5,0.105991
798,4128,1,1,2,1,0.0239406,0.0404422,0.0865861,0.067792,-0.0683979,0.0128704,10,0.5,0.407343
799,4131,1,1,2,1,-0.0152196,0.0682444,0.168776,0.0239406,-0.025552,0.0923917,10,0.5,0.645083
800,4615,1,0,1,1,-0.00370088,0.00201291,-0.10714,0.118507,-0.0418183,0.160897,10,0.5,0.33542
801,4618,1,0,1,1,0.163664,-0.0689896,-0.0451985,0.073098,0.220233,0.0461993,10,0.5,0.257077
802,4620,1,0,1,1,0.0770801,-0.0189033,0.115798,-0.013071,0.106166,-0.148548,10,0.5,0.206957
803,4621,1,1,1,1,0.118507,-0.0171881,0.0549822,0.132164,0.0367933,0.168776,10,0.5,0.587873
804,4623,1,1,1,1,0.000567866,-0.116443,0.0778165,-0.013071,0.106166,0.0103421,10,0.5,0.386507
805,4625,1,0,1,1,0.0193468,0.0361408,0.0816146,0.138284,-0.0498718,0.250255,10,0.5,0.748418
806,4626,1,0,1,1,-0.0663836,0.00920976,0.0429431,-0.0189807,0.0141558,-0.0719159,10,0.5,0.212567
807,4628,1,0,1,1,0.0398897,-0.0746135,-0.199981,-0.013071,-0.025552,0.0754398,10,0.5,0.0706481
808,4629,1,0,1,1,0.0319593,-0.0171881,0.185154,-0.136388,-0.0415117,0.0828993,10,0.5,0.65365
809,4630,1,0,1,1,-0.132348,0.0905621,0.118091,-0.132348,-0.0609888,0.0754398,10,0.5,0.542985
810,4632,1,1,1,1,0.0246516,0.032041,0.0461993,0.138284,0.11298,0.185154,10,0.5,0.59915
811,4635,1,1,1,1,-0.00370088,0.00201291,0.163278,-0.0591228,-0.0191942,0.138056,10,0.5,0.703073
812,4639,1,1,1,1,0.035174,-0.0746135,-0.0451985,0.0359457,-0.0595237,0.141517,10,0.5,0.398624
813,4641,1,0,1,1,-0.0189807,0.0625282,0.0235708,0.067792,-0.0683979,-0.0222759,10,0.5,0.257514
814,4642,1,1,1,1,-0.0152196,0.224244,0.134435,0.0603123,-0.021996,0.138056,10,0.5,0.660242
815,4644,1,1,1,1,0.0351053,0.249518,0.0816146,0.0239406,-0.0575385,0.0938894,10,0.5,0.516215
816,4646,1,0,1,1,-0.013071,-0.157533,0.0202016,-0.117828,0.249518,-0.0623271,10,0.5,0.193035
817,4648,1,1,1,1,0.0239406,-0.164253,-0.161242,-0.136388,-0.0181191,-0.121238,10,0.5,-0.163892
818,4649,1,1,1,1,0.138284,-0.0298841,-0.147232,0.0506671,-0.0746135,0.0968828,10,0.5,0.180823
819,4654,1,0,1,1,0.0603123,-0.0418183,-0.120985,0.0359457,0.00407594,-0.088237,10,0.5,-0.0551033
820,4655,1,0,1,1,-0.0380867,-0.0575385,0.00190839,0.163664,-0.116443,-0.0451985,10,0.5,0.191305
821,4657,1,1,1,1,-0.0322992,0.00201291,0.229172,-0.007017,0.141113,-0.0426529,10,0.5,0.532573
822,4658,1,0,1,1,-0.136388,-0.0181191,0.0235708,0.0193468,0.00201291,0.0816146,10,0.5,0.411792
823,4660,1,1,1,1,-0.142491,-0.0171881,0.0549822,0.117171,-0.0746135,-0.272399,10,0.5,-0.0672727
824,4663,1,1,1,1,0.132164,0.0621119,0.168776,-0.142153,-0.0644238,0.0549822,10,0.5,0.587873
825,4665,1,1,1,1,-0.013071,-0.025552,0.0754398,-0.0189807,0.150704,0.0394251,10,0.5,0.426166
826,4666,1,1,1,1,-0.0605108,-0.0595237,0.147107,0.0857303,0.00562195,0.225199,10,0.5,0.808466
827,4670,1,0,1,1,-0.0152196,0.00920976,0.141517,0.187397,-0.135675,-0.148548,10,0.5,0.245149
828,4674,1,1,1,1,-0.175847,-0.0349627,0.0865861,-0.132348,-0.0498718,-0.197749,10,0.5,0.0905144
829,4675,1,1,1,1,0.0035155,-0.0108252,-0.000816835,0.0770801,0.0215952,-0.0510403,10,0.5,0.178583
830,4676,1,1,1,1,0.073098,0.00562195,0.0816146,0.0480261,-0.0402064,0.138056,10,0.5,0.581803
831,4680,1,0,1,1,0.0436873,-0.0689896,-0.032709,-0.0183403,0.0142503,0.104988,10,0.5,0.362925
832,4681,1,1,1,1,0.138284,-0.0298841,-0.0510403,0.0246516,0.0490755,-0.0192994,10,0.5,0.151137
833,4685,1,1,1,1,-0.133053,-0.0189033,-0.161984,0.0480261,-0.0402064,0.0754398,10,0.5,0.127074
834,4688,1,1,1,1,-0.0713305,-0.025552,0.0202016,0.117171,-0.0298841,-0.02625,10,0.5,0.246609
835,4690,1,0,1,1,-0.0481635,-0.0298841,0.0936317,-0.0117934,-0.135511,-0.0815791,10,0.5,0.273489
836,4691,1,0,1,1,-0.147735,-0.0614619,-0.121238,0.035174,-0.0498718,-0.0990517,10,0.5,-0.0715393
837,4695,1,1,1,1,0.122559,-0.0911635,-0.0546855,-0.0189807,-0.161213,0.0235708,10,0.5,0.209386
838,4696,1,1,1,1,0.035174,0.0625282,-0.000816835,-0.0117934,-0.0181191,-0.148548,10,0.5,0.033784
839,4698,1,0,1,1,-0.0481635,0.0490755,-0.0682164,0.118507,-0.0191942,0.136407,10,0.5,0.356854
840,4702,1,0,1,1,-0.265742,-0.0603278,-0.111191,0.132164,0.090375,0.141517,10,0.5,0.300625
841,4704,1,0,1,1,-0.117828,-0.0826583,0.0117934,-0.182257,-0.154717,-0.0682164,10,0.5,0.171803
842,4706,1,1,1,1,-0.0481635,0.0404422,-0.161984,-0.013071,0.142389,0.185154,10,0.5,0.289999
843,4707,1,0,1,1,-0.0679866,-0.0453357,0.229172,0.073098,-0.0881064,0.0454454,10,0.5,0.663399
844,4709,1,0,1,1,-0.0117934,0.0142503,-0.0682164,-0.0117934,-0.0349627,0.120689,10,0.5,0.333513
845,4710,1,0,1,1,-0.241899,0.0625282,0.0235708,-0.013071,0.11298,0.14408,10,0.5,0.504552
846,4717,1,0,1,1,-0.0322992,-0.0349627,0.0778165,-0.135934,-0.0300046,-0.0111051,10,0.5,0.354658
847,4719,1,1,1,1,-0.0322992,-0.0453357,-0.0210915,0.118507,-0.0418183,0.160897,10,0.5,0.463202
848,4721,1,1,1,1,-0.0663836,-0.0916149,-0.0623271,-0.0713305,-0.0746135,-0.071838,10,0.5,0.0563561
849,4722,1,0,1,1,-0.0200558,-0.063584,0.185154,-0.00678359,-0.0746135,-0.147232,10,0.5,0.311905
850,4726,1,0,1,1,-0.013071,0.11298,0.229172,0.117171,0.0621119,-0.272399,10,0.5,0.1914
851,4729,1,0,1,1,0.0813913,0.0905621,-0.032709,-0.142153,0.0206405,-0.0820825,10,0.5,0.0851258
852,4730,1,0,1,1,0.0398897,-0.107964,-0.0820825,0.132164,0.141113,0.129671,10,0.5,0.32626
853,4733,1,0,1,1,-0.013071,0.106166,0.160897,-0.0408907,-0.164241,-0.272399,10,0.5,0.0900102
854,4734,1,1,1,1,-0.136388,-0.126575,0.0203349,0.122559,-0.0689896,0.104988,10,0.5,0.441695
855,4735,1,0,1,1,-0.0713305,-0.0746135,0.136407,-0.0152196,0.0682444,0.168776,10,0.5,0.708788
856,4737,1,1,1,1,-0.0679866,0.0144455,-0.0274662,-0.265742,-0.0603278,-0.141379,10,0.5,0.00485638
857,4739,1,1,1,1,-0.013071,-0.126575,0.0202016,0.117171,-0.161213,0.0117934,10,0.5,0.303104
858,4744,1,1,1,1,-0.142153,-0.164253,-0.0990517,0.150973,-0.021996,0.163278,10,0.5,0.350968
859,4746,1,1,1,1,-0.132348,0.0649815,-0.0990517,0.132164,-0.105822,-0.0719159,10,0.5,0.00170429
860,4747,1,0,1,1,-0.0408907,-0.0374172,0.0754398,-0.00678359,-0.122982,0.129671,10,0.5,0.560181
861,4751,1,1,1,1,-0.0408907,0.0144455,0.0117934,0.00654112,0.032041,0.0936317,10,0.5,0.412147
862,4754,1,1,1,1,0.138284,-0.1531,0.0936317,-0.143827,-0.1531,0.0936317,10,0.5,0.533677
863,4755,1,0,1,1,0.0331077,-0.1531,0.0938894,0.436596,-0.154717,0.229172,10,0.5,0.735338
864,4757,1,1,1,1,0.0239406,-0.0595237,0.163278,-0.136388,0.032041,0.0117934,10,0.5,0.515573
865,4762,1,0,1,1,0.0603123,-0.0191942,-0.0510403,-0.135934,0.0357051,-0.148548,10,0.5,-0.0407979
866,4763,1,1,1,1,-0.0322992,-0.0453357,-0.0210915,0.073098,0.0367933,0.163278,10,0.5,0.466739
867,4764,1,0,1,1,0.0436873,-0.116443,0.0652566,-0.143827,-0.164253,0.0202016,10,0.5,0.382497
868,4765,1,1,1,1,0.0923455,-0.0575385,0.0202016,-0.104337,0.220233,0.0461993,10,0.5,0.354197
869,4766,1,1,1,1,-0.110143,-0.0683979,-0.0222759,-0.136388,-0.0614619,-0.121238,10,0.5,0.0424729
870,4769,1,0,1,1,-0.0380867,-0.0575385,0.00190839,0.0246516,-0.154717,0.229172,10,0.5,0.598746
871,4771,1,0,1,1,-0.0663836,-0.0609888,0.0938894,-0.0200558,0.0128031,-0.00821861,10,0.5,0.382812
872,4773,1,0,1,1,-0.142491,-0.0746135,0.136407,-0.132348,-0.0498718,-0.0623271,10,0.5,0.3656
873,4774,1,1,1,1,0.118507,-0.0189033,0.115798,-0.0713305,0.141113,-0.071838,10,0.5,0.320872
874,4775,1,0,1,1,0.122559,-0.0689896,-0.0719159,-0.0186259,0.150704,-0.0222759,10,0.5,0.115716
875,4779,1,0,1,1,-0.0594853,-0.0171881,0.0189923,0.436596,-0.154717,-0.0944905,10,0.5,0.143476
876,4781,1,1,1,1,0.0461504,-0.126575,0.0128704,-0.0117934,-0.0189033,-0.161984,10,0.5,0.034158
877,4784,1,1,1,1,-0.0605108,-0.0374172,-0.071838,0.073098,-0.0689896,-0.000816835,10,0.5,0.147699
878,4785,1,1,1,1,0.118507,0.00562195,-0.199981,0.139244,-0.0821893,0.115798,10,0.5,0.13058
879,4788,1,1,1,1,0.138284,0.090375,-0.147232,-0.143827,0.0621119,0.134435,10,0.5,0.236589
880,4792,1,0,1,1,0.067792,0.090375,0.0203349,0.0239406,-0.0374172,0.104988,10,0.5,0.441695
881,4795,1,1,1,1,0.0319593,-0.063584,0.0754398,0.0480261,-0.0453357,0.253554,10,0.5,0.744147
882,4796,1,0,1,1,-0.133053,-0.0603278,-0.148548,-0.0380867,-0.164241,0.0394251,10,0.5,0.0935433
883,4798,1,0,1,1,0.0359457,-0.0689896,-0.0820825,-0.142153,-0.0575385,0.168776,10,0.5,0.384332
884,4804,1,0,1,1,0.117171,-0.122982,-0.0274662,-0.013071,0.142389,-0.071838,10,0.5,0.108125
885,4806,1,1,1,1,0.0506671,-0.164253,0.229172,0.118507,-0.0191942,0.115798,10,0.5,0.767872
886,4812,1,0,1,1,0.150973,0.00201291,0.229172,0.163664,0.106166,0.0828993,10,0.5,0.719018
887,4813,1,0,1,1,-0.0152196,0.0726051,0.00190839,0.163664,0.220233,-0.00821861,10,0.5,0.246221
888,4814,1,1,1,1,-0.0605108,-0.0415117,-0.071838,-0.0154216,-0.0191942,0.136407,10,0.5,0.351476
889,4815,1,1,1,1,0.0331077,-0.0298841,0.0517887,-0.117828,0.0682444,-0.0192994,10,0.5,0.303838
890,4817,1,0,1,1,0.0146766,-0.0498718,0.185154,0.187397,0.0357051,-0.120985,10,0.5,0.350882
891,4818,1,1,1,1,0.0436873,-0.0694389,-0.0274662,-0.117828,-0.0189033,0.0754398,10,0.5,0.326832
892,4819,1,1,1,1,0.073098,-0.0418183,-0.00108039,-0.104337,-0.126575,0.0461993,10,0.5,0.322593
893,4822,1,1,1,1,-0.013071,-0.025552,0.0754398,-0.0200558,-0.0402064,-0.0719159,10,0.5,0.260824
894,4823,1,0,1,1,0.0857303,-0.105822,-0.032709,0.139244,0.224244,0.253554,10,0.5,0.583546
895,4824,1,0,1,1,0.118507,-0.021996,0.229172,0.0193468,0.224244,0.0202016,10,0.5,0.625912
896,4825,1,0,1,1,0.0035155,-0.0609888,0.0517887,0.0770801,-0.157533,0.0923917,10,0.5,0.469699
897,4826,1,1,1,1,-0.132348,-0.0575385,-0.0111051,-0.0117934,0.142389,0.0517887,10,0.5,0.316006
898,4828,1,1,1,1,-0.0200558,-0.161213,0.138056,-0.0148593,-0.0689896,0.0936317,10,0.5,0.599648
899,4833,1,1,1,1,0.073098,-0.0644238,-0.088237,0.0813913,-0.0418183,-0.0546855,10,0.5,0.0433512
900,4835,1,0,1,1,-0.0408907,-0.0374172,0.0517887,-0.0200558,0.00201291,0.0202016,10,0.5,0.362497
901,4836,1,1,1,1,0.073098,0.0367933,0.138056,-0.0679866,-0.0402064,0.250255,10,0.5,0.832234
902,4837,1,0,1,1,0.0905526,0.0367933,0.163278,-0.147735,-0.135675,-0.0451985,10,0.5,0.43094
903,4838,1,0,1,1,-0.013071,0.249518,0.0968828,0.0239406,-0.0609888,-0.0274662,10,0.5,0.358675
904,4839,1,1,1,1,-0.00678359,-0.0189033,0.115798,-0.241899,-0.0598911,-0.032709,10,0.5,0.378978
905,4840,1,1,1,1,0.0239406,-0.0402064,-0.000816835,0.073098,0.00407594,0.185154,10,0.5,0.529331
906,4842,1,0,1,1,-0.110143,-0.0498718,0.0128704,-0.182257,-0.0746135,-0.147232,10,0.5,0.0560647
907,4843,1,0,1,1,0.0319593,0.0361408,0.185154,0.0506671,-0.0181191,-0.0546855,10,0.5,0.449336
908,4848,1,0,1,1,0.0319593,-0.063584,0.250255,0.122559,0.0649815,-0.0623271,10,0.5,0.534664
909,4849,1,1,1,1,-0.237192,-0.116443,0.0652566,0.0246516,0.249518,0.0461993,10,0.5,0.421103
910,4857,1,0,1,1,0.0351053,0.249518,0.0816146,0.0905526,0.00201291,0.163278,10,0.5,0.619257
911,4858,1,0,1,1,-0.132348,0.090375,-0.0820825,0.0770801,0.0490755,-0.161984,10,0.5,-0.106847
912,4865,1,1,1,1,-0.0679866,-0.135675,-0.032709,-0.104337,-0.0108252,0.120689,10,0.5,0.386242
913,4866,1,1,1,1,-0.0189807,-0.0300046,-0.148548,-0.0591228,0.090375,0.138056,10,0.5,0.240011
914,4868,1,1,1,1,-0.0408907,-0.164241,-0.0274662,0.073098,-0.140083,0.168776,10,0.5,0.465437
915,4870,1,1,1,1,0.067792,-0.0683979,0.0203349,-0.0154216,-0.0191942,0.136407,10,0.5,0.488353
916,4872,1,1,1,1,0.0193468,0.00201291,0.0816146,-0.132348,0.11298,0.104988,10,0.5,0.532695
917,4874,1,0,1,1,0.0770801,-0.0349627,0.163278,0.0246516,0.0490755,-0.0192994,10,0.5,0.4694
918,4877,1,1,1,1,-0.132348,0.224244,-0.0111051,0.187397,0.100168,0.250255,10,0.5,0.610729
919,4880,1,1,1,1,-0.154523,0.100168,-0.071838,0.0770801,0.0215952,-0.0510403,10,0.5,0.073117
920,4881,1,1,1,1,-0.136388,-0.0181191,0.0235708,0.436596,0.11298,0.229172,10,0.5,0.630915
921,4883,1,0,1,1,0.073098,0.00562195,-0.000816835,0.0246516,0.0142503,-0.0682164,10,0.5,0.153077
922,4885,1,0,1,1,0.0763438,0.00201291,0.0754398,-0.132348,0.090375,-0.0451985,10,0.5,0.3005
923,4887,1,1,1,1,-0.0605108,-0.0374172,0.147107,-0.0380867,-0.0614619,-0.147232,10,0.5,0.255406
924,4888,1,0,1,1,-0.0663836,-0.154717,-0.197749,-0.0713305,0.0367933,0.160897,10,0.5,0.200865
925,4893,1,0,1,1,0.0359457,0.090375,0.0517887,-0.0322992,0.032041,0.0754398,10,0.5,0.444525
926,4894,1,1,1,1,-0.013071,-0.0453357,-0.0210915,0.073098,0.00562195,0.134435,10,0.5,0.423907
927,4895,1,1,1,1,0.0603123,-0.0485282,-0.0510403,0.0923455,-0.0189033,-0.0623271,10,0.5,0.0872406
928,4897,1,0,1,1,-0.0594853,0.249518,-0.199981,0.0813913,-0.0418183,0.0816146,10,0.5,0.0798177
929,4898,1,1,1,1,0.0246516,0.0404422,-0.161984,0.0763438,0.0367933,-0.197749,10,0.5,-0.278612
930,4899,1,1,1,1,0.0239406,-0.0609888,-0.000816835,-0.0663836,0.00920976,0.0202016,10,0.5,0.284378
931,4905,1,0,1,1,-0.0594853,0.0649815,0.115798,-0.0117934,0.0905621,0.141517,10,0.5,0.637703
932,4906,1,0,1,1,0.0035155,-0.0298841,0.0938894,0.073098,-0.0418183,0.134435,10,0.5,0.594654
933,4910,1,0,1,1,-0.104337,0.0141558,0.120689,-0.0481635,-0.0181191,0.0461993,10,0.5,0.503421
934,4913,1,1,1,1,0.073098,-0.0575385,-0.197749,-0.237192,-0.116443,-0.0451985,10,0.5,-0.105186
935,4915,1,1,1,1,0.0035155,-0.0108252,0.120689,0.0319593,0.141113,-0.111191,10,0.5,0.269696
936,4920,1,1,1,1,0.150973,-0.0911635,-0.0546855,0.0857303,0.0726051,-0.088237,10,0.5,0.0433512
937,4922,1,0,1,1,0.118507,0.00562195,-0.199981,0.073098,-0.0108252,0.134435,10,0.5,0.158257
938,4925,1,1,1,1,-0.142153,0.0667764,-0.0820825,0.00614119,-0.0402064,-0.0719159,10,0.5,0.0269036
939,4927,1,0,1,1,0.0319593,-0.126575,0.134435,-0.0152196,-0.135675,-0.148548,10,0.5,0.234634
940,4928,1,1,1,1,-0.241899,-0.135675,0.0235708,0.118507,-0.0453357,0.253554,10,0.5,0.667121
941,4929,1,1,1,1,0.035174,-0.161213,0.136407,0.10863,0.220233,0.0968828,10,0.5,0.602026
942,4930,1,0,1,1,-0.241899,0.141113,-0.000816835,-0.0408907,-0.0983248,-0.0990517,10,0.5,0.107286
943,4932,1,1,1,1,0.000567866,-0.0983248,0.0778165,0.0506671,-0.0181191,-0.0210915,10,0.5,0.339828
944,4934,1,0,1,1,-0.0200558,-0.0402064,0.229172,-0.0380867,0.00407594,0.225199,10,0.5,0.930333
945,4938,1,0,1,1,-0.0594853,-0.0349627,-0.147232,0.0923455,0.0905621,0.141517,10,0.5,0.247104
946,4940,1,0,1,1,-0.0380867,0.0726051,-0.0623271,0.0246516,0.032041,-0.0192994,10,0.5,0.134376
947,4944,1,0,1,1,0.0035155,-0.0418183,-0.000816835,-0.0148593,0.032041,-0.000816835,10,0.5,0.253165
948,4947,1,0,1,1,-0.013071,-0.025552,0.0754398,-0.013071,0.142389,0.160897,10,0.5,0.606551
949,4948,1,0,1,1,0.0813913,0.0142503,0.0203349,-0.00370088,0.00201291,-0.0477235,10,0.5,0.214919
950,4949,1,1,1,1,0.0770801,0.100168,0.115798,0.073098,0.249518,-0.141379,10,0.5,0.217604
951,4950,1,0,1,1,0.0146766,0.142389,0.0968828,0.00654112,0.100931,0.225199,10,0.5,0.733882
952,4952,1,0,1,1,-0.0228738,-0.161213,0.0235708,0.0461504,0.220233,0.104988,10,0.5,0.4465
953,4953,1,0,1,1,0.118507,-0.0189033,0.115798,0.0193468,-0.107964,0.0203349,10,0.5,0.457748
954,4954,1,1,1,1,0.0506671,0.224244,0.229172,-0.0154216,0.0215952,0.0202016,10,0.5,0.625912
955,4956,1,0,1,1,0.000567866,0.0682444,0.160897,-0.0380867,0.100168,0.104988,10,0.5,0.650429
956,4957,1,1,1,1,-0.241899,-0.0911635,0.253554,-0.0713305,0.0367933,0.0203349,10,0.5,0.662316
957,4961,1,0,1,1,0.187397,-0.164253,0.250255,0.0763438,0.106166,-0.197749,10,0.5,0.333563
958,4965,1,1,1,1,-0.0322992,-0.0689896,-0.0728145,-0.241899,-0.0126852,0.0517887,10,0.5,0.224368
959,4966,1,1,1,1,-0.132348,-0.140083,-0.0682164,-0.0663836,-0.0609888,-0.0623271,10,0.5,0.0617342
960,4968,1,1,1,1,-0.0679866,-0.0453357,0.229172,-0.0322992,-0.0821893,0.0754398,10,0.5,0.70794
961,4972,1,0,1,1,-0.143827,0.032041,-0.0815791,0.0436873,-0.0126852,0.0517887,10,0.5,0.211352
962,4973,1,1,1,1,0.0763438,-0.0374172,0.147107,-0.117828,0.0682444,-0.111191,10,0.5,0.308927
963,4975,1,0,1,1,0.0146766,0.141113,-0.071838,0.09822,0.0726051,-0.088237,10,0.5,0.0178798
964,4976,1,1,1,1,-0.0380867,0.0142503,0.0103421,-0.0663836,-0.0609888,0.141517,10,0.5,0.481101
965,4980,1,0,1,1,0.073098,-0.0418183,-0.111191,-0.135934,0.0357051,-0.0111051,10,0.5,0.0739813
966,4982,1,0,1,1,-0.0200558,-0.0609888,0.118091,0.122559,0.249518,-0.0623271,10,0.5,0.338401
967,4985,1,0,1,1,0.0351053,-0.063584,0.0923917,0.0359457,0.0726051,-0.0719159,10,0.5,0.285998
968,4987,1,1,1,1,-0.0380867,0.0142503,-0.088237,0.0480261,0.0215952,0.0461993,10,0.5,0.193165
969,4988,1,0,1,1,0.0146766,-0.0485282,-0.071838,0.0770801,-0.063584,0.115798,10,0.5,0.320872
970,4989,1,0,1,1,0.132164,-0.105822,-0.032709,0.0857303,0.00407594,0.0429431,10,0.5,0.270789
971,4991,1,0,1,1,0.0193468,-0.0402064,0.0938894,0.067792,0.0128031,-0.00821861,10,0.5,0.382812
972,4993,1,1,1,1,-0.0380867,0.0726051,0.0103421,0.163664,-0.025552,-0.00821861,10,0.5,0.258745
973,4994,1,1,1,1,0.000567866,0.0357051,-0.0628618,0.122559,0.249518,0.168776,10,0.5,0.412874
974,4998,1,1,1,1,0.00654112,-0.0349627,-0.0192994,-0.142153,-0.0614619,-0.088237,10,0.5,0.0958996
975,4999,1,0,1,1,-0.013071,-0.025552,0.160897,0.187397,0.0357051,-0.120985,10,0.5,0.31486
976,5000,1,0,1,1,-0.175847,-0.0349627,0.0202016,0.0770801,-0.157533,0.0202016,10,0.5,0.31559
977,5001,1,0,1,1,0.122559,0.0357051,-0.0623271,-0.182257,-0.0453357,-0.088237,10,0.5,0.0320035
978,5002,1,0,1,1,-0.0605108,-0.1531,0.0936317,-0.133053,-0.0498718,-0.0623271,10,0.5,0.302079
979,5007,1,1,1,1,0.132164,-0.0575385,0.168776,0.0506671,-0.0453357,-0.0274662,10,0.5,0.465437
980,5012,1,1,1,1,0.138284,-0.126575,-0.0510403,0.117171,-0.0453357,-0.0426529,10,0.5,0.116457
981,5014,1,0,1,1,-0.0200558,-0.0402064,0.118091,-0.154523,0.1193,0.0517887,10,0.5,0.507863
982,5018,1,0,1,1,0.0603123,-0.0485282,-0.0510403,0.436596,0.11298,-0.0944905,10,0.5,0.039478
983,5020,1,0,1,1,0.0480261,-0.0374172,0.147107,0.0398897,0.0206405,0.0549822,10,0.5,0.555694
984,5021,1,1,1,1,-0.110143,-0.0498718,-0.0990517,-0.143827,0.0142503,-0.0682164,10,0.5,0.0071981
985,5022,1,0,1,1,0.0193468,0.0361408,0.0938894,0.0603123,0.220233,0.0461993,10,0.5,0.463623
986,5024,1,0,1,1,0.0146766,-0.0418183,-0.111191,-0.0200558,0.0128031,-0.00821861,10,0.5,0.0782678
987,5025,1,0,1,1,0.0770801,-0.0983248,0.0938894,-0.237192,-0.0402064,0.0103421,10,0.5,0.410375
988,5026,1,1,1,1,0.163664,0.0447723,0.185154,0.073098,-0.0418183,-0.00821861,10,0.5,0.51834
989,5030,1,1,1,1,-0.013071,0.11298,0.104988,0.0359457,-0.0171881,0.141517,10,0.5,0.62165
990,5033,1,1,1,1,-0.0594853,-0.00890082,-0.0451985,-0.147735,0.0361408,0.163278,10,0.5,0.43094
991,5036,1,1,1,1,0.0770801,-0.0189033,0.138056,0.163664,-0.0415117,0.160897,10,0.5,0.699536
992,5040,1,0,1,1,0.118507,-0.0983248,0.0816146,0.0461504,0.220233,0.0968828,10,0.5,0.52066
993,5041,1,0,1,1,-0.0322992,0.0361408,-0.0820825,0.0193468,0.224244,0.0816146,10,0.5,0.254896
994,5043,1,0,1,1,0.0239406,-0.025552,0.255228,-0.241899,-0.0598911,-0.032709,10,0.5,0.586032
995,5045,1,1,1,1,-0.0152196,0.0726051,0.00190839,0.163664,0.0128031,0.229172,10,0.5,0.598746
996,5047,1,1,1,1,-0.133053,-0.0575385,-0.111191,-0.132348,0.0905621,-0.0451985,10,0.5,0.0233527
997,5048,1,1,1,1,0.0035155,0.0649815,0.0517887,0.0603123,0.00920976,0.0429431,10,0.5,0.396268
998,5049,1,0,1,1,-0.133053,-0.0821893,0.115798,0.067792,-0.0881064,-0.0274662,10,0.5,0.386764
999,5051,1,1,1,1,0.0146766,-0.0689896,-0.0719159,0.0246516,0.032041,0.0461993,10,0.5,0.217402
1000,5052,1,0,1,1,-0.013071,0.11298,0.0754398,0.0506671,-0.0181191,-0.0546855,10,0.5,0.286411
1001,5057,1,1,1,1,-0.013071,0.11298,0.104988,0.0923455,0.0905621,0.0202016,10,0.5,0.441497
1002,5058,1,1,1,1,0.0480261,-0.0983248,0.0938894,0.0480261,-0.0453357,0.229172,10,0.5,0.735338
1003,5059,1,0,1,1,0.10863,-0.0683979,-0.0990517,-0.0605108,-0.0402064,0.104988,10,0.5,0.264406
1004,5060,1,1,1,1,-0.0200558,-0.105822,0.136407,-0.0199934,-0.063584,0.0117934,10,0.5,0.475669
1005,5061,1,1,1,1,0.0331077,-0.0689896,0.0936317,0.073098,0.224244,0.168776,10,0.5,0.645267
1006,5062,1,1,1,1,-0.132348,0.0215952,-0.0510403,-0.0605108,0.0490755,-0.0192994,10,0.5,0.151137
1007,5071,1,1,1,1,0.138284,-0.0189033,-0.147232,0.0136341,-0.0821893,0.0923917,10,0.5,0.174154
1008,5076,1,0,1,1,-0.0605108,0.0141558,-0.272399,0.00227429,-0.0609888,-0.0274662,10,0.5,-0.189708
1009,5082,1,1,1,1,-0.132348,-0.0609888,0.0754398,0.122559,-0.0609888,-0.197749,10,0.5,0.0739621
1010,5084,1,1,1,1,-0.133053,-0.0575385,-0.148548,-0.142153,-0.0575385,0.0549822,10,0.5,0.116646
1011,5088,1,1,1,1,-0.0679866,-0.0453357,0.0865861,0.073098,-0.0418183,0.0454454,10,0.5,0.451658
1012,5090,1,0,1,1,0.0359457,-0.0609888,0.0754398,0.0603123,-0.0575385,-0.0258924,10,0.5,0.329169
1013,5091,1,1,1,1,0.0239406,-0.025552,-0.161242,-0.013071,-0.025552,0.0202016,10,0.5,0.0461457
1014,5092,1,0,1,1,0.0239406,-0.0402064,0.0203349,0.0770801,-0.0826583,0.115798,10,0.5,0.457748
1015,5094,1,1,1,1,0.0246516,-0.0300046,0.0517887,0.067792,-0.0683979,0.0865861,10,0.5,0.461078
1016,5095,1,0,1,1,0.0035155,0.1193,0.0936317,-0.013071,0.106166,-0.0111051,10,0.5,0.378143
1017,5099,1,1,1,1,-0.0594853,0.00407594,-0.0728145,0.0319593,0.0905621,0.136407,10,0.5,0.350026
1018,5103,1,0,1,1,-0.0152196,-0.0575385,0.168776,0.00614119,-0.0453357,0.0938894,10,0.5,0.64565
1019,5112,1,1,1,1,0.035174,-0.161213,0.0816146,0.0193468,0.224244,0.253554,10,0.5,0.753316
